PLAYER_ID,SEASON_ID,LEAGUE_ID,ORGANIZATION_ID,SCHOOL_NAME,PLAYER_AGE,GP,GS,MIN,FGM,FGA,FG_PCT,FG3M,FG3A,FG3_PCT,FTM,FTA,FT_PCT,OREB,DREB,REB,AST,STL,BLK,TOV,PF,PTS
2037,1999-00,00,2983,Michigan,20.0,17,16,33.9,6.2,15.0,0.412,1.9,5.9,0.327,2.4,3.0,0.784,0.4,2.4,2.8,4.5,1.1,0.9,3.1,1.1,16.6
2084,1999-00,00,2467,Auburn,22.0,26,26,29.0,5.4,11.7,0.464,0.2,0.7,0.235,3.6,5.3,0.676,3.6,3.7,7.3,1.2,2.0,0.3,2.1,2.7,14.6
2217,2000-01,00,3104,North Carolina,21.0,33,33,27.3,4.7,7.9,0.592,0.0,0.0,,2.9,5.6,0.516,3.2,4.2,7.3,1.3,0.5,3.6,2.0,2.9,12.3
2210,2000-01,00,2507,Arizona,21.0,35,34,27.5,4.2,8.8,0.479,0.9,2.6,0.344,2.1,3.1,0.655,1.7,3.8,5.4,2.7,0.8,0.8,3.0,2.8,11.3
2207,2000-01,00,2494,Arkansas,20.0,30,27,29.1,5.4,11.5,0.468,1.2,2.6,0.443,2.3,3.0,0.747,2.2,4.2,6.4,2.6,1.4,0.4,2.3,1.5,14.2
2202,2000-01,00,2989,Michigan State,20.0,33,32,28.5,5.5,11.0,0.503,1.5,3.7,0.402,2.2,3.2,0.689,1.8,4.1,5.9,2.2,1.2,0.8,1.3,2.2,14.7
2486,2001-02,00,3392,Oklahoma State,22.0,29,23,30.0,4.6,10.8,0.426,1.5,4.0,0.368,2.2,2.7,0.844,2.2,3.2,5.4,3.3,1.3,0.2,2.8,2.0,12.9
2440,2001-02,00,2535,California-Los Angeles,22.0,31,31,30.7,4.9,10.4,0.471,1.4,3.3,0.417,2.4,3.8,0.619,1.5,4.7,6.2,3.5,1.1,0.3,2.8,2.4,13.5
2430,2001-02,00,3111,Duke,20.0,35,35,28.4,6.6,9.9,0.665,0.0,0.0,0.0,5.1,6.7,0.754,3.4,5.3,8.7,1.1,0.9,0.6,1.8,3.1,18.2
2406,2001-02,00,2609,Connecticut,22.0,34,34,36.0,7.4,15.4,0.485,0.9,2.2,0.4,4.6,5.9,0.779,3.2,4.4,7.5,3.0,2.1,0.4,2.9,2.2,20.3
2446,2001-02,00,3475,La Salle,23.0,32,31,39.1,7.3,16.8,0.435,1.8,4.9,0.361,4.6,5.4,0.855,2.3,6.5,8.8,1.4,1.3,1.3,2.6,1.7,21.0
2399,2001-02,00,3111,Duke,21.0,35,35,32.4,6.2,12.9,0.483,2.5,6.7,0.378,2.3,3.4,0.681,1.3,5.9,7.2,2.1,2.3,0.7,1.8,2.3,17.3
2501,2001-02,00,2714,Iowa,22.0,34,31,34.0,5.0,10.0,0.496,0.0,0.0,0.0,5.5,8.9,0.619,3.6,7.5,11.1,1.3,1.6,0.5,2.7,3.0,15.4
2400,2001-02,00,2828,Kansas,20.0,37,36,30.3,7.7,15.3,0.504,0.3,1.0,0.278,4.2,5.5,0.755,3.4,8.0,11.4,2.0,1.7,1.4,2.9,2.5,19.8
2617,2001-02,00,2635,Florida,22.0,31,31,28.3,5.1,9.1,0.562,0.0,0.0,0.0,5.7,8.2,0.694,2.7,5.5,8.3,1.6,0.9,1.3,2.4,3.1,16.0
2457,2001-02,00,2494,Arkansas,22.0,29,22,27.2,5.7,12.4,0.46,3.3,7.6,0.432,2.0,2.5,0.781,0.6,1.8,2.4,3.3,1.8,0.0,2.2,2.3,16.6
2422,2001-02,00,2630,Miami (FL),22.0,32,32,33.7,4.3,9.3,0.461,0.7,2.2,0.31,3.8,4.6,0.842,1.8,4.1,6.0,6.1,1.8,0.6,3.7,2.3,13.1
2546,2002-03,00,3320,Syracuse,19.0,35,35,36.4,7.9,17.5,0.453,1.6,4.7,0.337,4.8,6.8,0.706,2.9,7.1,10.0,2.2,1.6,0.9,2.2,2.2,22.2
2588,2002-03,00,2635,Florida,23.0,33,33,31.4,5.5,10.8,0.51,1.9,4.0,0.474,2.2,3.1,0.733,2.1,4.0,6.1,1.5,1.1,0.6,1.6,2.1,15.2
2547,2002-03,00,2664,Georgia Tech,19.0,31,31,31.0,5.5,9.7,0.56,0.7,1.5,0.468,4.1,5.6,0.73,3.1,5.9,9.0,1.2,1.0,2.1,2.3,2.4,15.7
2555,2002-03,00,2828,Kansas,22.0,38,38,32.4,7.4,13.3,0.554,0.3,1.0,0.342,3.3,5.3,0.635,3.3,6.7,10.0,2.2,1.2,1.9,2.4,2.5,18.5
2584,2002-03,00,2985,Detroit Mercy,21.0,30,30,34.0,8.1,16.6,0.49,1.2,3.3,0.374,5.1,6.3,0.805,1.1,3.9,4.9,2.5,1.3,0.4,2.3,2.4,22.6
2550,2002-03,00,2828,Kansas,22.0,37,37,33.6,6.3,13.2,0.475,2.4,5.9,0.406,2.4,3.4,0.704,1.0,2.7,3.8,3.5,1.9,0.4,2.2,2.1,17.3
2592,2002-03,00,2630,Miami (FL),22.0,28,28,34.2,5.6,12.5,0.447,1.4,3.6,0.4,4.2,5.0,0.836,1.9,4.2,6.0,1.8,1.6,1.8,2.5,2.7,16.8
2563,2002-03,00,3111,Duke,22.0,33,30,30.7,6.0,12.8,0.47,1.4,3.6,0.398,4.2,5.7,0.749,1.4,4.1,5.5,0.9,1.2,0.5,1.9,3.1,17.7
2549,2002-03,00,3001,Central Michigan,21.0,31,31,34.0,7.9,12.6,0.622,0.0,0.0,,6.7,8.9,0.75,3.6,8.4,12.0,1.3,0.6,3.2,4.4,3.2,22.4
2594,2002-03,00,3160,Creighton,22.0,34,34,31.8,5.4,11.5,0.468,3.8,7.9,0.48,3.2,3.5,0.908,1.4,5.0,6.4,3.1,1.5,0.7,2.0,2.6,17.8
2557,2002-03,00,3399,Oregon,22.0,33,33,35.4,6.2,14.2,0.432,2.5,6.4,0.382,4.9,5.6,0.88,0.6,2.8,3.4,6.6,1.9,0.1,3.9,2.3,19.7
2548,2002-03,00,3742,Marquette,21.0,33,33,32.1,7.6,15.2,0.501,0.4,1.3,0.318,5.9,7.5,0.779,1.8,4.5,6.3,4.4,2.2,1.3,3.2,2.3,21.5
2561,2002-03,00,3340,Xavier,22.0,32,32,36.5,6.7,13.0,0.513,0.3,0.8,0.346,6.5,8.0,0.816,3.1,8.7,11.8,3.2,1.3,1.6,2.7,3.0,20.1
2590,2002-03,00,2486,Alabama,20.0,29,29,35.8,5.5,13.5,0.409,2.0,6.2,0.317,3.4,4.0,0.838,1.0,2.9,3.9,3.9,1.2,0.2,3.0,2.1,16.4
2754,2003-04,00,3392,Oklahoma State,22.0,35,34,31.6,5.8,11.6,0.504,0.6,2.1,0.297,3.7,5.5,0.675,1.8,3.7,5.5,3.1,2.1,0.9,2.8,3.0,16.0
2772,2003-04,00,2535,California-Los Angeles,19.0,25,23,31.6,4.3,10.0,0.426,0.7,3.0,0.237,2.3,4.5,0.504,2.4,4.0,6.5,2.1,1.7,0.4,3.2,2.8,11.6
2857,2003-04,00,3202,Seton Hall,22.0,31,31,36.1,6.0,13.3,0.455,2.4,6.1,0.384,2.9,3.8,0.761,0.9,3.0,3.9,5.9,1.4,0.1,2.6,2.0,17.3
101138,2004-05,00,2863,Louisiana State,20.0,30,29,33.6,6.0,10.6,0.567,0.4,0.9,0.462,4.9,6.3,0.777,2.7,6.3,9.1,0.8,0.8,1.6,1.8,2.4,17.3
2736,2003-04,00,3111,Duke,19.0,37,32,31.1,5.7,11.9,0.475,1.1,3.0,0.36,2.6,3.7,0.71,2.2,4.7,6.9,1.8,1.3,1.1,2.2,2.2,15.1
2732,2003-04,00,2609,Connecticut,21.0,39,39,34.5,6.1,14.1,0.434,2.7,6.2,0.433,3.6,4.4,0.829,0.9,3.8,4.7,4.5,1.4,0.2,2.8,2.3,18.5
2734,2003-04,00,3738,Wisconsin,21.0,32,32,36.3,5.9,12.9,0.459,2.3,6.3,0.373,5.3,6.8,0.792,0.6,3.7,4.3,4.4,1.8,0.1,2.1,1.9,19.5
2743,2003-04,00,3019,Minnesota,19.0,29,28,34.1,7.6,17.2,0.444,0.6,1.7,0.34,5.9,7.9,0.742,3.1,7.0,10.1,0.7,0.9,1.1,2.8,2.2,21.7
2738,2003-04,00,2507,Arizona,20.0,30,30,32.1,4.5,10.1,0.45,0.8,2.4,0.315,3.1,3.9,0.788,2.4,6.0,8.4,4.9,1.6,0.4,2.8,2.5,12.9
2749,2003-04,00,3478,Saint Joseph's,22.0,32,32,33.9,7.3,15.4,0.475,2.3,5.8,0.39,3.7,4.7,0.792,1.0,3.7,4.7,5.3,3.0,0.0,2.8,1.8,20.6
101126,2004-05,00,3721,Washington,21.0,35,35,31.5,5.4,11.6,0.463,1.8,4.6,0.385,3.9,5.0,0.782,1.5,2.3,3.9,4.5,1.7,0.2,2.0,2.8,16.4
2753,2003-04,00,3478,Saint Joseph's,20.0,32,32,33.5,6.6,13.0,0.51,1.8,4.3,0.412,3.9,4.3,0.892,1.2,4.2,5.4,4.7,1.7,0.2,2.6,1.9,18.9
101187,2004-05,00,2989,Michigan State,22.0,33,33,26.6,4.5,8.1,0.556,0.8,2.0,0.385,3.5,3.9,0.877,1.8,3.7,5.6,1.7,1.0,0.2,1.6,2.7,13.2
101106,2004-05,00,3661,Utah,20.0,35,35,35.0,8.0,12.9,0.62,0.3,0.7,0.36,4.1,5.9,0.692,3.7,8.5,12.2,2.3,1.0,1.9,2.7,2.2,20.4
101198,2004-05,00,2664,Georgia Tech,22.0,32,25,27.3,4.0,10.1,0.398,1.5,4.9,0.31,3.0,3.9,0.762,0.6,1.9,2.5,2.5,1.0,0.0,2.4,2.1,12.5
101109,2004-05,00,3104,North Carolina,21.0,36,35,31.7,4.2,9.2,0.455,1.9,4.4,0.44,2.6,3.7,0.701,0.6,3.7,4.3,6.9,2.0,0.3,3.6,2.0,12.9
101112,2004-05,00,2507,Arizona,22.0,37,37,31.0,6.1,11.1,0.554,0.1,0.5,0.176,3.4,4.1,0.83,2.8,4.8,7.6,1.9,0.9,2.3,1.7,2.6,15.8
101128,2004-05,00,2855,Louisville,23.0,38,38,31.9,4.9,11.3,0.437,1.9,5.1,0.366,3.9,4.5,0.877,1.2,3.0,4.2,3.9,1.7,1.5,2.7,2.9,15.7
101122,2004-05,00,3208,New Mexico,22.0,30,30,30.0,6.1,11.6,0.524,1.5,3.5,0.433,5.1,6.8,0.755,2.3,6.6,8.9,2.4,2.1,2.0,2.4,2.4,18.8
101236,2004-05,00,2852,Kentucky,22.0,34,34,29.3,4.2,8.3,0.509,0.1,0.3,0.182,2.4,3.3,0.73,3.0,4.7,7.7,2.3,1.8,1.0,1.9,2.2,10.9
101127,2004-05,00,2664,Georgia Tech,21.0,32,31,34.1,5.1,10.0,0.514,1.4,3.3,0.442,3.8,4.4,0.866,0.3,4.6,4.8,4.5,1.8,0.1,3.4,1.7,15.5
101135,2004-05,00,2635,Florida,22.0,32,32,28.0,5.0,9.5,0.525,0.0,0.1,0.0,3.6,5.0,0.714,2.4,6.6,9.0,2.2,1.1,0.8,2.7,2.4,13.6
101249,2004-05,00,3392,Oklahoma State,22.0,33,33,36.1,6.2,13.7,0.451,3.0,7.0,0.431,2.3,2.5,0.905,0.6,1.9,2.5,4.1,1.1,0.0,1.6,1.8,17.7
101108,2004-05,00,3143,Wake Forest,20.0,32,31,33.4,4.5,9.9,0.451,1.4,3.0,0.474,4.9,5.8,0.834,0.7,3.8,4.5,6.6,2.4,0.0,2.8,2.6,15.3
101179,2004-05,00,3659,Utah Valley,22.0,28,28.0,37.2,8.2,19.1,0.427,2.9,8.0,0.359,5.1,6.4,0.789,0.9,3.3,4.2,3.0,1.8,0.2,3.0,2.3,24.3
201575,2007-08,00,2828,Kansas,22.0,38,30,29.7,4.7,10.9,0.435,2.1,5.0,0.419,1.8,2.3,0.779,1.5,3.6,5.1,2.1,0.8,0.8,1.8,1.6,13.3
101142,2004-05,00,3722,Gonzaga,22.0,31,31,31.2,5.1,10.0,0.508,0.1,0.2,0.286,5.7,8.4,0.683,2.4,7.1,9.5,1.5,0.4,1.9,2.3,2.7,15.9
101111,2004-05,00,2609,Connecticut,20.0,31,31,25.8,5.1,9.8,0.521,0.2,0.4,0.5,3.1,4.5,0.688,2.6,5.6,8.3,1.3,0.6,1.8,2.3,2.2,13.6
101107,2004-05,00,3104,North Carolina,19.0,36,0,22.2,3.5,6.9,0.506,0.5,1.2,0.432,3.8,4.5,0.847,1.8,4.8,6.6,0.7,1.1,0.5,1.6,2.6,11.3
101114,2004-05,00,2737,Illinois,21.0,39,39,33.7,4.6,10.5,0.433,1.7,4.8,0.364,1.7,2.5,0.677,0.4,3.3,3.6,6.8,1.0,0.2,2.8,2.1,12.5
200746,2005-06,00,3601,Texas,20.0,37,37,33.7,5.9,10.4,0.569,0.0,0.0,,3.2,4.9,0.646,3.6,5.5,9.2,0.5,1.4,2.0,1.6,2.5,15.0
200811,2005-06,00,3215,Nevada-Las Vegas,23.0,29,29,28.1,5.5,10.4,0.528,0.0,0.0,,3.3,5.8,0.575,3.2,5.4,8.6,1.1,1.1,1.3,2.6,2.8,14.3
200764,2005-06,00,3530,South Carolina,21.0,38,22,25.7,4.0,6.6,0.608,0.1,0.3,0.308,1.5,2.7,0.538,2.1,4.2,6.3,1.9,1.7,1.3,1.7,2.2,9.6
200770,2005-06,00,2535,California-Los Angeles,19.0,37,37,30.4,4.6,11.4,0.41,1.7,5.1,0.333,2.5,3.4,0.717,0.6,2.0,2.6,5.1,1.1,0.2,3.6,1.7,13.5
200751,2005-06,00,3502,Villanova,22.0,33,33,34.7,6.8,16.7,0.411,2.7,7.7,0.35,4.1,5.2,0.791,1.6,4.1,5.8,3.0,1.4,0.6,2.2,2.2,20.5
200752,2005-06,00,2609,Connecticut,19.0,33,33,30.8,5.7,12.3,0.461,0.8,2.7,0.318,3.1,4.2,0.732,2.0,4.4,6.4,2.1,1.8,1.6,2.5,2.3,15.2
200794,2005-06,00,2878,Louisiana Tech,21.0,33,33,34.1,7.8,13.7,0.571,0.2,0.4,0.357,3.8,6.2,0.623,6.0,7.3,13.3,1.1,1.9,2.3,2.5,3.1,19.6
201383,2005-06,00,2867,Louisiana-Lafayette,23.0,28,28,36.7,6.3,12.0,0.524,0.5,2.0,0.25,3.5,5.9,0.59,2.3,5.9,8.2,4.3,2.1,0.3,4.6,2.5,16.6
200779,2005-06,00,3742,Marquette,23.0,31,31,33.8,5.6,11.7,0.477,3.9,8.4,0.467,2.4,2.5,0.974,1.1,4.8,5.9,1.3,0.6,0.1,1.0,2.1,17.5
200755,2005-06,00,3111,Duke,22.0,36,36,37.1,8.4,17.9,0.47,3.9,9.2,0.421,6.1,7.1,0.863,0.2,1.8,2.0,2.6,1.4,0.1,2.5,1.5,26.8
200748,2005-06,00,2863,Louisiana State,19.0,32,21,25.9,4.8,7.8,0.608,0.0,0.0,1.0,2.8,4.3,0.657,2.8,6.4,9.2,1.3,1.0,3.1,1.8,2.6,12.3
201228,2005-06,00,3575,Tennessee,22.0,30,30,31.9,4.5,9.7,0.467,1.6,3.9,0.422,4.6,5.2,0.878,0.5,2.6,3.1,3.9,2.0,0.1,2.1,2.6,15.3
200761,2005-06,00,3581,Memphis,20.0,36,34,27.3,4.3,10.4,0.416,1.3,4.3,0.312,3.2,4.0,0.786,1.7,4.4,6.2,1.9,1.4,1.4,2.3,2.9,13.2
201147,2006-07,00,2635,Florida,21.0,37,37,28.7,4.6,9.6,0.475,1.1,3.2,0.336,3.0,4.2,0.723,1.1,3.6,4.7,2.9,1.9,0.4,2.5,1.9,13.2
201166,2006-07,00,3399,Oregon,22.0,35,35,36.8,6.1,13.2,0.46,2.3,5.7,0.404,3.3,3.9,0.846,0.9,3.4,4.3,4.3,1.4,0.2,2.5,2.5,17.7
201144,2006-07,00,3346,Ohio State,19.0,39,39,31.6,4.1,7.9,0.518,0.5,1.8,0.304,2.6,3.7,0.694,0.7,2.7,3.4,6.1,2.2,0.3,2.2,1.5,11.3
201162,2006-07,00,2903,Boston College,21.0,30,30,38.4,6.5,11.6,0.562,1.3,2.9,0.443,4.7,6.4,0.743,3.0,5.2,8.3,3.0,1.4,0.3,2.6,2.2,19.0
201142,2006-07,00,3601,Texas,18.0,35,35,35.9,8.7,18.5,0.473,2.3,5.8,0.404,6.0,7.3,0.816,3.0,8.1,11.1,1.3,1.9,1.9,2.8,2.0,25.8
201145,2006-07,00,2620,Georgetown,20.0,37,37,33.3,5.3,10.3,0.513,1.0,2.6,0.375,2.7,3.5,0.775,1.7,4.7,6.4,3.2,0.8,1.2,2.6,2.5,14.3
201150,2006-07,00,3721,Washington,19.0,31,24,28.9,6.2,11.7,0.532,0.0,0.1,0.333,2.4,3.2,0.755,2.0,4.4,6.4,1.9,0.5,1.7,2.5,2.3,14.9
201143,2006-07,00,2635,Florida,21.0,38,36,27.8,4.9,8.1,0.608,0.0,0.1,0.0,3.4,5.3,0.644,2.5,6.9,9.5,2.2,0.7,1.8,1.8,2.5,13.2
201207,2006-07,00,2727,Boise State,24.0,31,31,32.5,4.2,10.4,0.408,2.6,7.0,0.37,3.7,4.5,0.835,0.5,3.6,4.1,4.0,0.8,0.6,3.1,2.5,14.8
201171,2006-07,00,2815,Purdue,23.0,34,34,30.4,6.4,10.8,0.597,0.1,0.6,0.211,5.9,8.1,0.726,3.0,4.4,7.3,1.2,1.2,0.9,3.0,2.9,18.9
201858,2006-07,00,2832,Kansas State,22.0,35,18,27.5,5.6,12.2,0.46,2.2,5.8,0.386,3.6,4.5,0.799,2.0,2.5,4.4,1.3,0.7,0.2,1.7,2.7,17.1
201177,2006-07,00,3111,Duke,20.0,33,32,35.3,5.0,9.9,0.502,0.2,0.7,0.217,2.9,4.4,0.664,2.1,5.8,7.9,3.5,1.2,2.5,2.4,2.5,13.0
201149,2006-07,00,2635,Florida,22.0,40,40,25.9,4.3,7.2,0.605,0.0,0.0,1.0,3.3,5.0,0.663,2.6,5.9,8.4,2.3,1.1,1.8,2.5,2.3,12.0
201196,2006-07,00,3216,Nevada-Reno,21.0,34,33,30.2,4.1,9.1,0.452,0.6,1.5,0.38,3.5,4.2,0.825,1.1,3.6,4.7,4.7,0.9,0.2,2.5,1.2,12.3
201160,2006-07,00,2586,Colorado State,21.0,30,28,30.2,5.8,10.1,0.579,0.0,0.1,0.0,5.1,6.7,0.77,3.3,6.9,10.1,1.9,0.5,1.6,3.4,3.1,16.8
201155,2006-07,00,3714,Eastern Washington,21.0,29,29,33.3,7.8,17.3,0.453,1.5,5.6,0.267,7.4,8.8,0.846,1.2,3.4,4.7,5.5,2.4,0.3,3.4,2.3,24.6
201229,2006-07,00,3160,Creighton,22.0,33,33,31.6,4.8,9.5,0.506,0.1,0.6,0.211,3.7,5.7,0.658,2.2,4.4,6.7,1.9,0.7,1.7,2.0,3.1,13.4
201148,2006-07,00,3104,North Carolina,19.0,37,37,27.4,6.2,9.5,0.646,0.0,0.0,,2.4,4.2,0.567,2.1,4.1,6.2,1.0,1.0,1.8,1.6,1.5,14.7
201156,2006-07,00,2534,Southern California,22.0,37,36,33.2,6.5,12.3,0.525,1.2,2.7,0.44,3.4,4.3,0.786,1.2,3.4,4.6,1.4,0.7,0.3,2.4,2.5,17.5
201152,2006-07,00,2664,Georgia Tech,19.0,31,31,29.6,5.7,11.9,0.478,1.3,3.0,0.419,1.7,2.3,0.743,2.3,2.5,4.9,2.0,1.3,0.4,2.2,2.0,14.4
201570,2007-08,00,3769,West Virginia,21.0,36,34,31.6,6.1,13.2,0.462,0.3,1.1,0.268,4.4,5.4,0.814,1.9,4.5,6.4,2.4,0.7,1.5,2.2,2.9,16.9
201589,2007-08,00,2828,Kansas,20.0,40,39,24.7,5.4,9.9,0.543,0.1,0.3,0.167,2.0,2.9,0.702,2.3,4.0,6.3,0.8,0.5,1.3,1.9,3.0,12.8
201571,2007-08,00,3601,Texas,20.0,38,38,37.3,6.4,14.5,0.439,1.9,5.1,0.381,4.6,5.8,0.783,0.5,2.4,2.9,5.8,1.2,0.0,2.8,1.6,19.2
201573,2007-08,00,2507,Arizona,19.0,30,30,35.7,5.8,12.6,0.458,2.0,4.8,0.407,6.2,7.4,0.839,0.4,2.3,2.7,4.0,1.0,0.1,3.0,2.2,19.7
201563,2007-08,00,2832,Kansas State,19.0,33,33,31.5,9.3,17.5,0.532,1.1,2.9,0.379,6.5,8.5,0.774,4.0,8.4,12.4,1.2,1.3,1.6,2.9,2.6,26.2
201595,2007-08,00,3581,Memphis,24.0,38,33,25.2,2.8,4.4,0.647,0.0,0.0,0.0,1.2,3.1,0.378,3.5,6.0,9.5,0.5,1.1,1.9,1.1,2.8,6.9
201569,2007-08,00,2783,Indiana,19.0,32,32,34.7,5.8,13.3,0.433,2.2,6.5,0.337,7.2,8.7,0.834,0.7,2.5,3.3,2.4,1.3,0.6,3.6,2.2,20.9
201588,2007-08,00,2800,IUPUI,22.0,32,32,36.8,6.9,12.6,0.545,1.5,3.4,0.45,6.2,7.7,0.812,1.5,5.2,6.8,4.3,1.8,0.4,2.9,2.8,21.5
201991,2008-09,00,3576,Tennessee-Martin,24.0,32,32,36.0,9.8,21.8,0.449,3.3,9.3,0.355,4.6,5.3,0.881,2.2,5.8,7.9,4.2,2.3,0.6,3.3,2.7,27.5
201616,2007-08,00,2828,Kansas,22.0,40,35,24.3,4.3,6.8,0.626,0.1,0.2,0.333,2.6,3.7,0.691,2.0,4.7,6.7,1.1,0.8,0.5,1.3,2.3,11.2
201599,2007-08,00,3608,Texas A&M,19.0,35,21,20.1,3.2,5.2,0.617,0.0,0.0,,1.5,3.4,0.437,1.9,4.1,6.0,0.4,0.2,1.3,1.6,1.9,7.9
201572,2007-08,00,2571,Stanford,20.0,27,25,30.8,6.8,14.6,0.468,0.0,0.2,0.0,5.7,7.2,0.789,2.9,5.3,8.2,1.4,0.6,2.1,2.1,2.4,19.3
201567,2007-08,00,2535,California-Los Angeles,19.0,39,38,29.6,5.8,10.4,0.559,0.7,2.1,0.354,5.1,6.6,0.767,3.6,7.0,10.6,1.9,0.7,1.4,2.0,1.9,17.5
201564,2007-08,00,2534,Southern California,20.0,33,32,36.8,7.2,16.2,0.442,2.7,6.5,0.409,3.7,4.6,0.803,1.1,3.5,4.5,3.3,1.5,0.4,3.5,2.4,20.7
201601,2007-08,00,2535,California-Los Angeles,21.0,33,33,29.0,3.5,7.4,0.478,0.2,0.8,0.2,1.5,2.2,0.689,2.2,3.8,6.0,1.5,1.0,0.5,1.9,1.7,8.8
201580,2007-08,00,3216,Nevada-Reno,20.0,33,31,27.3,5.7,10.8,0.529,0.4,1.3,0.333,2.2,4.3,0.525,2.5,4.8,7.3,0.6,0.8,2.8,2.4,2.5,14.1
201781,2007-08,00,2828,Kansas,22.0,40,40,27.5,2.1,5.0,0.424,0.9,2.8,0.318,2.2,2.8,0.779,0.5,2.3,2.8,4.1,2.0,0.4,2.1,1.9,7.3
201565,2007-08,00,3581,Memphis,19.0,40,39,29.2,5.2,10.9,0.477,0.9,2.6,0.337,3.7,5.1,0.712,1.4,3.2,4.5,4.7,1.2,0.4,2.7,1.7,14.9
201566,2007-08,00,2535,California-Los Angeles,19.0,39,34,33.8,4.7,10.0,0.465,0.7,2.0,0.338,2.7,3.8,0.713,1.6,2.4,3.9,4.3,1.6,0.2,2.5,2.4,12.7
202399,2008-09,00,2609,Connecticut,23.0,36,36,34.6,5.3,10.4,0.505,0.0,0.0,0.0,3.1,5.2,0.597,3.2,6.8,9.9,1.7,0.5,1.2,1.8,2.0,13.6
201965,2008-09,00,2506,Arizona State,22.0,35,35,32.5,5.7,8.6,0.66,0.0,0.0,0.0,3.2,4.1,0.779,2.5,5.7,8.2,0.9,0.5,0.9,1.2,2.7,14.5
201971,2008-09,00,3487,Pittsburgh,20.0,35,35,27.3,6.5,10.9,0.593,0.0,0.0,,2.8,4.6,0.605,5.6,6.8,12.3,1.2,1.5,1.0,1.3,2.7,15.7
201978,2008-09,00,2507,Arizona,21.0,35,35,37.6,6.3,13.0,0.48,1.9,4.8,0.399,3.6,4.5,0.801,1.4,4.8,6.2,3.4,1.4,0.5,2.4,1.9,18.0
201947,2008-09,00,2855,Louisville,21.0,37,36,34.3,5.5,11.9,0.457,0.8,2.6,0.326,2.4,3.8,0.647,2.8,5.9,8.7,3.2,1.0,1.4,3.2,1.9,14.2
201954,2008-09,00,2535,California-Los Angeles,21.0,35,35,31.5,5.0,9.8,0.509,1.2,3.0,0.394,3.2,3.6,0.897,0.5,1.9,2.4,4.7,1.6,0.1,2.5,1.5,14.4
201967,2008-09,00,3502,Villanova,22.0,38,38,31.6,6.4,12.2,0.525,0.0,0.1,0.0,3.3,4.7,0.697,2.6,4.9,7.5,1.2,1.2,1.2,2.2,2.7,16.1
201939,2008-09,00,3110,Davidson,21.0,34,34,33.7,9.2,20.2,0.454,3.8,9.9,0.387,6.5,7.4,0.876,0.6,3.8,4.4,5.6,2.5,0.2,3.7,2.4,28.6
201948,2008-09,00,3722,Gonzaga,21.0,34,33,26.3,4.7,9.8,0.477,1.1,2.5,0.429,2.3,3.2,0.706,1.1,5.8,6.8,1.1,0.7,2.1,2.1,2.9,12.7
201942,2008-09,00,2534,Southern California,19.0,35,35,33.4,5.5,10.5,0.523,0.2,1.0,0.167,2.7,4.2,0.646,2.4,3.3,5.7,1.5,0.9,0.4,2.1,2.1,13.9
201962,2008-09,00,2653,Florida State,23.0,35,35,36.5,6.8,15.3,0.446,2.4,6.3,0.385,5.4,6.6,0.81,0.8,3.1,3.9,2.9,1.8,0.4,2.5,2.2,21.5
201961,2008-09,00,3104,North Carolina,21.0,38,37,30.4,5.7,11.7,0.483,2.2,5.4,0.417,2.3,2.9,0.777,1.5,3.4,4.9,2.7,0.9,0.2,1.6,1.5,15.8
201936,2008-09,00,3581,Memphis,19.0,37,35,29.0,6.2,13.6,0.455,0.9,3.4,0.274,3.7,5.2,0.711,1.3,4.1,5.4,3.9,2.1,0.8,3.6,2.4,17.1
201959,2008-09,00,2534,Southern California,24.0,35,35,33.7,5.4,9.0,0.601,0.0,0.0,,3.4,5.2,0.659,3.5,5.5,9.0,1.3,1.0,2.9,2.1,2.9,14.3
201980,2008-09,00,3104,North Carolina,22.0,38,38,27.4,4.8,10.3,0.471,2.0,4.8,0.418,1.4,1.6,0.852,1.8,2.8,4.7,2.7,1.8,1.3,1.7,2.2,13.1
201933,2008-09,00,3389,Oklahoma,20.0,35,35,33.3,8.6,13.1,0.654,0.1,0.2,0.375,5.5,9.3,0.59,3.9,10.5,14.4,2.3,1.1,1.2,3.3,2.5,22.7
201946,2008-09,00,3104,North Carolina,23.0,34,34,30.3,6.6,12.8,0.514,0.3,0.7,0.391,7.3,8.7,0.841,3.0,5.1,8.1,1.0,1.2,0.4,1.9,2.3,20.7
201935,2008-09,00,2506,Arizona State,19.0,35,35,35.8,6.3,12.9,0.489,1.7,4.7,0.356,5.8,7.7,0.756,1.4,4.2,5.6,4.2,1.7,0.3,3.4,2.8,20.1
201945,2008-09,00,3111,Duke,21.0,37,36,29.7,5.8,12.8,0.45,1.1,3.3,0.336,3.9,5.1,0.761,1.2,3.7,4.9,2.5,1.2,0.8,2.2,1.7,16.5
201941,2008-09,00,2507,Arizona,21.0,34,34,35.7,7.4,13.8,0.537,0.0,0.0,,3.4,5.3,0.654,4.2,6.8,11.0,1.5,0.9,1.7,2.9,3.0,18.3
201950,2008-09,00,2535,California-Los Angeles,19.0,35,35,27.1,3.2,7.1,0.45,0.8,2.5,0.307,1.3,1.8,0.726,1.3,2.5,3.8,3.7,1.6,0.5,2.1,2.1,8.5
201949,2008-09,00,3143,Wake Forest,22.0,31,31,30.5,6.0,11.1,0.542,0.7,2.2,0.319,2.2,3.2,0.697,2.5,6.0,8.5,2.0,1.4,1.5,2.4,2.9,15.0
201951,2008-09,00,3104,North Carolina,21.0,35,35,29.9,5.2,9.8,0.532,1.5,3.1,0.472,4.7,5.9,0.798,0.7,2.3,3.0,6.6,2.1,0.1,1.9,1.7,16.6
201975,2008-09,00,2852,Kentucky,21.0,36,36,34.4,7.3,15.8,0.463,3.3,8.0,0.406,5.9,6.5,0.902,0.5,2.9,3.4,1.8,1.3,0.1,2.7,1.9,23.7
201988,2008-09,00,2537,St. Mary's (CA),20.0,26,24,33.3,6.3,15.6,0.402,2.6,7.6,0.338,3.3,3.8,0.859,0.5,1.9,2.4,3.9,2.2,0.2,2.9,1.7,18.4
201957,2008-09,00,3346,Ohio State,20.0,33,2,20.3,3.6,5.7,0.638,0.0,0.0,0.0,1.6,2.8,0.559,1.7,3.0,4.7,0.3,0.5,1.1,1.5,2.1,8.8
201985,2008-09,00,2609,Connecticut,22.0,35,35,31.8,4.9,11.9,0.408,2.3,5.8,0.402,2.7,3.7,0.721,0.6,2.9,3.5,4.7,0.7,0.0,2.7,1.3,14.7
201966,2008-09,00,2647,Central Florida,22.0,31,31,31.9,9.4,19.5,0.48,3.0,7.9,0.376,4.5,5.5,0.812,1.9,3.3,5.2,1.9,1.3,0.8,2.8,1.8,26.2
201952,2008-09,00,3143,Wake Forest,21.0,31,31,32.0,5.8,12.0,0.485,1.5,3.3,0.441,5.8,7.1,0.817,0.5,2.8,3.3,3.5,1.9,0.6,3.4,2.2,18.8
201977,2008-09,00,2863,Louisiana State,22.0,35,35,31.9,7.3,15.5,0.472,2.2,5.7,0.388,4.3,5.7,0.745,2.0,3.5,5.5,2.1,1.6,0.4,1.8,2.1,21.1
202332,2009-10,00,2828,Kansas,21.0,36,36,26.8,4.1,7.4,0.562,0.0,0.0,,3.0,4.4,0.679,3.1,6.8,9.8,0.9,0.8,3.5,1.6,2.6,11.3
202329,2009-10,00,3143,Wake Forest,19.0,31,30,31.3,5.4,12.1,0.447,0.6,2.1,0.273,4.5,6.4,0.698,4.3,6.4,10.7,1.3,1.4,1.4,3.2,2.9,15.8
202337,2009-10,00,3216,Nevada-Reno,21.0,34,34,37.1,7.4,14.8,0.5,1.2,3.0,0.416,5.9,6.4,0.917,2.1,6.9,8.9,2.1,1.0,0.8,2.4,2.6,21.9
202339,2009-10,00,2852,Kentucky,20.0,37,35,30.3,3.9,8.4,0.462,1.3,3.5,0.383,2.2,3.3,0.667,0.5,2.6,3.1,2.9,1.4,0.3,3.0,2.2,11.3
202344,2009-10,00,3526,Clemson,22.0,32,32,30.8,5.9,11.3,0.521,0.3,1.1,0.265,3.2,5.3,0.591,2.8,5.6,8.4,2.5,1.3,1.4,1.9,2.0,15.2
202340,2009-10,00,3601,Texas,19.0,34,32,29.5,4.7,10.8,0.432,1.2,3.3,0.375,1.1,1.9,0.545,1.0,1.9,2.9,2.1,1.3,0.5,1.5,2.4,11.6
202326,2009-10,00,2852,Kentucky,19.0,38,37,23.5,5.4,9.7,0.558,0.0,0.2,0.167,4.3,7.1,0.604,4.1,5.8,9.9,1.0,1.0,1.8,2.1,3.2,15.1
202348,2009-10,00,3340,Xavier,21.0,35,34,32.8,7.4,16.1,0.462,2.3,5.8,0.391,3.4,4.4,0.773,1.0,3.8,4.7,2.9,1.3,0.2,2.4,1.6,20.5
202334,2009-10,00,3104,North Carolina,21.0,23,23,27.9,4.8,8.3,0.578,0.0,0.0,,3.8,5.7,0.659,2.9,6.7,9.6,1.0,0.4,2.8,2.0,1.8,13.4
202324,2009-10,00,2664,Georgia Tech,18.0,36,35,27.5,5.0,8.1,0.611,0.0,0.0,0.0,2.5,4.0,0.629,3.0,5.4,8.4,1.0,0.9,2.1,2.5,2.6,12.4
202331,2009-10,00,2522,Fresno State,20.0,29,29,33.2,5.3,12.5,0.424,2.0,5.8,0.353,4.1,4.6,0.909,1.9,5.3,7.2,3.0,2.2,0.8,3.2,2.9,16.8
202412,2009-10,00,2983,Michigan,20.0,31,30,36.1,5.8,13.9,0.421,1.5,5.0,0.308,4.9,6.1,0.8,1.8,4.2,6.0,4.1,1.8,0.4,2.8,1.5,18.1
202330,2009-10,00,2798,Butler,20.0,37,37,33.5,4.7,10.1,0.464,1.3,4.3,0.294,4.8,5.8,0.829,1.9,6.3,8.2,1.7,1.1,0.8,2.3,2.1,15.5
202333,2009-10,00,2828,Kansas,19.0,36,36,27.5,4.5,9.8,0.458,1.9,4.6,0.418,2.5,3.2,0.783,1.2,3.2,4.4,1.5,1.5,0.5,1.9,1.8,13.4
202359,2009-10,00,3208,New Mexico,22.0,35,35,33.6,5.5,12.5,0.44,1.1,3.1,0.361,3.7,5.7,0.653,2.1,7.1,9.3,4.6,1.3,0.4,3.0,1.9,15.9
202345,2009-10,00,3601,Texas,22.0,34,34,30.3,6.2,12.3,0.501,1.1,2.8,0.383,4.6,6.8,0.674,3.1,7.1,10.3,1.0,1.7,1.2,2.0,2.9,18.0
202325,2009-10,00,3320,Syracuse,22.0,35,35,35.0,5.9,11.8,0.502,1.5,3.5,0.415,3.2,4.1,0.772,2.1,6.4,8.5,2.2,1.7,1.8,2.3,2.1,16.5
202356,2009-10,00,3216,Nevada-Reno,21.0,34,34,34.5,6.4,13.0,0.495,0.5,2.1,0.239,2.4,3.5,0.678,0.8,2.6,3.4,5.6,0.8,0.4,3.4,1.8,15.7
202328,2009-10,00,2620,Georgetown,20.0,34,34,34.2,5.9,11.3,0.525,0.2,0.8,0.259,4.1,6.1,0.66,2.2,7.5,9.6,3.8,1.2,1.5,3.3,2.6,16.1
202350,2009-10,00,2852,Kentucky,19.0,38,0,13.2,1.3,2.4,0.527,0.0,0.1,0.0,0.9,1.7,0.524,1.2,2.1,3.3,0.4,0.6,1.4,1.0,2.3,3.4
202335,2009-10,00,2852,Kentucky,21.0,38,38,33.0,5.7,9.8,0.575,0.6,1.8,0.348,2.4,3.4,0.692,3.1,4.4,7.4,0.9,0.7,1.3,1.1,1.6,14.3
202336,2009-10,00,3694,Virginia Commonwealth,21.0,35,32,26.9,5.6,10.5,0.534,0.1,0.5,0.25,3.1,4.8,0.641,3.0,6.1,9.1,1.0,0.7,2.6,1.7,2.9,14.4
202362,2009-10,00,3338,Cincinnati,19.0,34,32,28.2,4.8,10.8,0.44,0.5,2.1,0.219,2.3,3.5,0.664,1.9,3.5,5.4,2.5,0.9,0.2,2.4,1.9,12.3
202323,2009-10,00,3346,Ohio State,21.0,31,31,35.8,7.6,14.7,0.519,0.6,1.8,0.364,4.5,5.9,0.758,2.0,7.2,9.2,6.0,1.7,0.9,4.4,2.8,20.4
202327,2009-10,00,3654,Baylor,23.0,36,36,35.1,5.3,10.8,0.49,0.2,0.7,0.269,3.1,4.5,0.685,3.6,6.2,9.8,2.7,0.8,3.7,2.4,2.4,13.9
202322,2009-10,00,2852,Kentucky,19.0,37,37,34.8,5.5,11.8,0.461,1.0,3.1,0.325,4.7,6.3,0.754,0.8,3.5,4.3,6.5,1.8,0.5,4.0,1.9,16.6
202355,2009-10,00,3766,Marshall,21.0,34,23,26.1,4.9,9.4,0.524,0.1,0.1,0.6,3.2,5.5,0.588,2.7,6.2,8.9,0.3,0.6,5.4,1.9,2.4,13.1
202692,2010-11,00,2578,Colorado,19.0,38,37,31.4,6.6,14.1,0.469,0.7,2.5,0.292,6.6,7.9,0.825,2.4,4.1,6.5,2.9,1.1,0.3,2.6,2.3,20.5
202710,2010-11,00,3742,Marquette,21.0,37,35,34.6,5.1,10.3,0.49,0.5,1.6,0.345,5.1,6.5,0.783,2.4,3.6,6.1,2.3,1.4,0.4,1.5,1.3,15.7
202708,2010-11,00,3342,Cleveland State,22.0,36,36,35.7,7.0,15.9,0.439,1.4,4.1,0.342,6.3,7.4,0.853,0.8,5.1,5.8,5.3,2.2,0.1,2.7,2.4,21.7
202702,2010-11,00,2857,Morehead State,21.0,35,34,34.7,6.7,10.7,0.623,0.0,0.0,,4.0,6.9,0.577,5.7,8.8,14.5,1.1,1.9,2.3,2.6,3.1,17.3
202706,2010-11,00,3601,Texas,20.0,36,36,32.2,6.8,15.3,0.44,2.5,6.5,0.385,2.6,3.4,0.779,2.0,5.7,7.7,2.1,0.9,0.6,2.1,1.8,18.6
202699,2010-11,00,3575,Tennessee,18.0,34,33,29.2,5.4,11.8,0.46,0.7,2.2,0.303,3.8,5.0,0.753,2.0,5.3,7.3,1.3,0.7,0.9,1.8,2.1,15.3
202709,2010-11,00,3601,Texas,19.0,36,36,32.4,3.8,8.9,0.422,1.4,3.5,0.413,1.4,2.0,0.699,0.6,2.9,3.6,3.0,1.0,0.3,1.5,1.8,10.4
202688,2010-11,00,2852,Kentucky,19.0,38,38,35.9,5.7,13.5,0.423,2.3,6.1,0.377,3.6,4.5,0.795,0.7,3.4,4.0,4.2,0.7,0.2,3.2,2.2,17.3
202723,2010-11,00,2535,California-Los Angeles,21.0,33,33,33.1,4.3,9.8,0.437,1.2,4.0,0.295,3.4,4.4,0.778,0.7,2.4,3.1,2.0,0.7,0.2,1.7,2.4,13.1
202695,2010-11,00,2555,San Diego State,20.0,36,36,32.6,5.9,13.2,0.444,0.7,2.4,0.291,3.1,4.0,0.759,3.1,7.5,10.6,2.5,1.4,0.6,2.1,2.5,15.5
202720,2010-11,00,3738,Wisconsin,22.0,34,34,33.5,6.7,14.2,0.47,1.6,4.3,0.37,3.3,3.9,0.843,1.7,5.6,7.2,1.6,0.5,0.9,1.6,2.2,18.3
202714,2010-11,00,2798,Butler,21.0,38,37,32.1,5.3,13.0,0.408,2.3,6.5,0.354,3.2,4.1,0.769,0.7,3.8,4.5,3.4,0.8,0.1,2.4,1.7,16.0
202734,2010-11,00,2815,Purdue,22.0,34,34,33.9,6.5,14.5,0.447,2.1,5.1,0.4,2.9,4.1,0.709,1.5,3.6,5.1,3.2,1.2,0.5,1.8,2.1,18.0
202694,2010-11,00,2828,Kansas,21.0,38,36,28.3,6.3,11.1,0.57,0.7,2.0,0.342,3.9,5.7,0.688,2.6,5.0,7.6,1.6,0.8,0.6,1.8,2.6,17.2
202693,2010-11,00,2828,Kansas,21.0,38,35,24.4,5.1,8.7,0.589,0.7,1.6,0.424,2.7,4.0,0.673,2.7,5.6,8.3,1.4,0.8,1.1,2.1,2.8,13.6
202721,2010-11,00,2983,Michigan,20.0,35,34,34.8,5.7,11.7,0.489,0.5,1.8,0.25,3.1,4.3,0.715,0.9,3.1,4.0,6.7,1.0,0.0,2.9,2.1,15.0
202718,2010-11,00,2635,Florida,22.0,36,35,34.1,4.3,9.0,0.48,1.2,3.3,0.368,1.5,2.7,0.557,2.1,5.7,7.8,3.8,0.9,0.4,2.3,1.9,11.3
202697,2010-11,00,2664,Georgia Tech,21.0,31,31,32.0,5.7,14.1,0.406,1.4,4.9,0.278,4.5,5.6,0.806,1.7,4.2,5.9,3.5,2.7,0.2,2.3,2.8,17.3
202713,2010-11,00,3111,Duke,23.0,37,37,34.8,5.9,13.8,0.43,1.7,5.2,0.321,3.4,4.2,0.806,2.4,4.5,6.8,1.6,0.9,0.3,1.9,2.6,16.9
202698,2010-11,00,2653,Florida State,21.0,28,25,29.1,4.4,10.2,0.434,1.3,3.4,0.368,3.0,4.5,0.667,2.1,4.8,6.8,1.2,2.0,1.5,2.2,3.2,13.1
202701,2010-11,00,3111,Duke,22.0,37,37,34.0,7.0,15.4,0.458,1.5,4.4,0.35,5.1,6.2,0.813,1.2,3.3,4.5,5.1,1.2,0.1,3.2,1.9,20.6
202738,2010-11,00,3721,Washington,22.0,35,35,31.9,5.4,12.1,0.445,1.7,4.9,0.349,4.3,6.0,0.719,0.7,2.8,3.5,6.1,1.3,0.1,3.0,2.1,16.8
202684,2010-11,00,3601,Texas,20.0,36,34,30.9,4.8,8.8,0.546,0.0,0.0,,3.5,7.3,0.487,3.8,4.0,7.8,1.3,0.9,2.4,1.8,2.8,13.1
202691,2010-11,00,3718,Washington State,21.0,34,33,34.7,7.1,16.2,0.436,2.9,7.2,0.398,4.6,5.4,0.838,0.7,4.5,5.2,3.7,1.6,0.9,3.4,2.9,21.6
202696,2010-11,00,2534,Southern California,20.0,34,34,34.9,6.3,12.5,0.505,0.9,2.4,0.349,3.6,4.8,0.755,2.9,7.4,10.3,1.6,0.5,1.4,1.7,2.8,17.1
202689,2010-11,00,2609,Connecticut,21.0,41,41,37.6,7.7,18.0,0.428,1.8,5.5,0.33,6.3,7.7,0.819,1.3,4.1,5.4,4.5,1.9,0.2,2.3,1.4,23.5
202682,2010-11,00,2507,Arizona,20.0,38,38,30.0,5.9,10.0,0.595,1.1,1.9,0.568,6.5,8.7,0.746,2.8,5.5,8.3,1.1,1.0,0.7,2.6,2.8,19.5
203112,2011-12,00,3654,Baylor,21.0,38,38,29.7,4.2,7.2,0.577,0.1,0.1,0.6,3.6,4.6,0.782,2.6,4.8,7.4,1.0,0.9,1.8,1.9,3.1,12.0
203084,2011-12,00,3104,North Carolina,20.0,38,37,29.2,6.0,13.7,0.44,1.3,3.6,0.358,3.7,5.1,0.723,1.9,3.3,5.2,1.1,1.1,0.3,1.9,1.8,17.1
203115,2011-12,00,3581,Memphis,21.0,35,34,35.3,6.6,12.9,0.509,1.1,3.1,0.346,3.8,5.1,0.749,2.0,6.0,8.0,2.9,1.4,0.7,2.1,2.1,18.0
203078,2011-12,00,2635,Florida,19.0,37,37,34.2,4.7,10.6,0.445,1.7,5.0,0.339,3.6,4.7,0.769,1.4,5.4,6.7,2.2,1.4,0.8,2.1,2.1,14.8
203733,2011-12,00,3346,Ohio State,22.0,39,39,33.8,5.3,12.5,0.419,1.6,4.4,0.358,2.4,2.9,0.832,0.9,4.1,5.0,2.7,0.8,0.2,2.2,1.8,14.5
203109,2011-12,00,3742,Marquette,21.0,35,35,32.9,6.2,12.5,0.498,1.7,5.1,0.345,3.4,4.6,0.735,2.0,6.4,8.4,2.1,2.5,1.0,1.3,2.7,17.5
203099,2011-12,00,3398,Oregon State,21.0,36,36,34.6,5.5,12.2,0.45,1.4,4.1,0.338,5.5,7.5,0.737,1.0,2.8,3.8,2.8,2.5,0.4,2.8,2.4,17.9
203083,2011-12,00,2609,Connecticut,18.0,34,30,28.4,4.6,8.6,0.538,0.0,0.1,0.0,0.8,2.6,0.295,3.4,4.2,7.6,0.4,0.8,2.7,1.5,2.2,10.0
203105,2011-12,00,3590,Vanderbilt,22.0,26,22,23.2,3.4,6.3,0.539,0.0,0.0,,3.2,5.3,0.604,2.4,3.5,5.9,0.3,0.4,2.0,2.2,3.2,10.1
203110,2011-12,00,2989,Michigan State,22.0,37,36,33.2,5.7,12.8,0.449,1.4,3.6,0.388,3.4,4.7,0.723,2.1,8.5,10.6,3.8,1.5,1.0,3.0,2.8,16.2
203090,2011-12,00,3301,St. John's (NY),19.0,32,32,36.1,6.0,13.3,0.452,0.5,2.5,0.215,2.9,4.3,0.676,2.8,5.9,8.6,1.5,1.6,1.4,2.5,2.3,15.5
203089,2011-12,00,3104,North Carolina,21.0,35,34,29.1,5.9,11.7,0.5,0.0,0.0,,2.0,3.9,0.511,2.5,7.4,9.9,1.3,0.6,2.9,1.3,1.6,13.7
203133,2011-12,00,2815,Purdue,23.0,35,35,32.2,5.5,13.3,0.417,2.1,5.4,0.383,3.2,3.9,0.825,1.6,5.6,7.2,1.9,0.7,1.2,0.9,2.1,16.4
203108,2011-12,00,2653,Florida State,27.0,35,35,28.0,4.5,7.4,0.606,0.0,0.0,,1.8,3.3,0.552,3.1,5.0,8.1,0.5,0.7,2.3,2.1,1.9,10.8
203098,2011-12,00,3590,Vanderbilt,21.0,35,35,33.6,6.2,13.1,0.474,3.8,8.7,0.439,3.7,4.4,0.837,0.5,2.4,2.9,1.2,0.8,0.3,1.6,1.2,19.9
203111,2011-12,00,2563,California-Santa Barbara,23.0,31,31,34.4,6.7,14.8,0.451,2.3,5.3,0.427,4.1,5.9,0.698,1.7,4.1,5.8,2.9,1.1,0.7,2.5,1.8,19.7
203093,2011-12,00,2852,Kentucky,20.0,38,34,29.3,4.7,9.3,0.5,0.4,1.3,0.327,2.6,4.2,0.627,2.5,4.6,7.2,1.3,1.3,1.8,1.6,2.4,12.3
203103,2011-12,00,3654,Baylor,20.0,33,33,30.7,5.5,11.0,0.5,0.3,1.0,0.303,2.2,3.1,0.696,2.7,4.9,7.6,1.3,0.8,0.6,1.7,2.3,13.5
203077,2011-12,00,2852,Kentucky,18.0,40,39,31.1,4.0,8.2,0.491,0.3,1.3,0.255,3.6,4.8,0.745,2.6,4.9,7.4,1.9,1.0,0.9,2.2,2.4,11.9
203117,2011-12,00,2852,Kentucky,20.0,40,35,31.2,4.4,9.2,0.474,1.9,4.1,0.466,3.1,3.7,0.826,0.4,2.3,2.7,1.5,0.5,0.1,1.1,1.8,13.7
203087,2011-12,00,2609,Connecticut,20.0,34,34,37.2,6.4,13.4,0.478,2.1,6.2,0.336,2.9,3.6,0.81,0.9,3.9,4.9,1.7,1.2,0.6,2.0,1.7,17.7
203086,2011-12,00,2737,Illinois,20.0,32,30,31.8,5.3,9.1,0.584,0.0,0.3,0.091,2.9,4.0,0.732,2.3,5.9,8.2,1.3,0.5,1.9,2.1,2.9,13.6
203081,2011-12,00,3658,Weber State,21.0,32,32,34.5,7.2,15.5,0.467,2.9,7.2,0.409,7.1,8.0,0.887,0.5,4.5,5.0,4.0,1.5,0.2,2.3,1.9,24.5
203088,2011-12,00,3104,North Carolina,20.0,36,35,33.0,2.9,6.3,0.467,0.8,2.2,0.354,1.5,2.2,0.696,0.2,2.4,2.6,9.8,1.2,0.2,2.8,1.6,8.1
203114,2011-12,00,3608,Texas A&M,20.0,20,17,28.8,5.1,12.3,0.415,1.0,3.9,0.26,2.0,2.6,0.75,1.3,3.7,5.0,2.3,1.0,0.3,2.2,1.9,13.2
203121,2011-12,00,2852,Kentucky,22.0,40,11,26.1,3.6,7.6,0.474,1.4,3.7,0.376,1.4,1.7,0.797,0.9,1.9,2.8,2.1,0.8,0.3,1.5,2.2,9.9
203113,2011-12,00,3654,Baylor,19.0,37,35,24.4,3.7,8.4,0.447,0.6,1.9,0.348,2.5,3.1,0.816,1.5,3.5,4.9,1.4,0.7,0.6,1.8,1.9,10.6
203122,2011-12,00,3565,Tennessee Tech,22.0,33,32,34.5,7.2,16.3,0.444,2.4,5.8,0.416,3.8,5.2,0.721,0.9,4.3,5.2,2.3,0.8,0.2,3.3,2.2,20.6
203094,2011-12,00,3315,St. Bonaventure,22.0,32,32,30.1,6.9,12.0,0.571,0.7,1.7,0.434,4.0,5.2,0.776,2.6,5.8,8.4,1.0,0.7,2.0,2.5,2.8,18.5
203124,2011-12,00,3688,Norfolk State,22.0,36,36,31.3,5.7,9.9,0.573,0.2,0.9,0.188,4.3,6.2,0.696,3.2,7.2,10.3,1.4,0.7,2.7,2.6,3.3,15.9
203101,2011-12,00,3111,Duke,23.0,34,16,20.5,2.6,4.3,0.61,0.0,0.0,,1.4,2.2,0.632,2.9,4.2,7.1,0.5,0.5,0.9,1.2,2.3,6.6
203085,2011-12,00,3111,Duke,19.0,34,33,33.2,5.1,11.8,0.433,1.7,4.7,0.365,3.6,5.4,0.658,0.6,2.8,3.4,2.1,1.0,0.0,2.3,2.2,15.5
203080,2011-12,00,2828,Kansas,21.0,39,39,31.8,6.7,13.3,0.505,0.2,0.4,0.5,4.2,6.1,0.682,2.9,9.0,11.9,1.8,1.1,0.9,2.7,2.7,17.7
203082,2011-12,00,3721,Washington,21.0,35,35,31.1,6.1,13.4,0.457,2.1,5.5,0.371,2.1,2.7,0.766,1.4,5.1,6.4,1.4,1.3,0.9,2.0,2.8,16.4
203118,2011-12,00,3670,Virginia,23.0,32,32,31.2,6.7,11.9,0.563,0.2,0.6,0.3,4.3,5.4,0.808,2.2,6.1,8.3,1.2,0.7,0.5,2.1,1.8,18.0
203156,2011-12,00,2620,Georgetown,22.0,33,33,27.5,4.0,8.7,0.462,0.0,0.0,0.0,3.6,5.1,0.708,1.8,4.2,6.0,3.5,0.6,1.4,2.8,2.7,11.6
203096,2011-12,00,3346,Ohio State,20.0,37,36,30.4,6.2,11.9,0.519,0.4,1.1,0.4,4.7,6.2,0.768,3.1,6.1,9.2,1.2,1.2,1.1,1.9,2.9,17.5
203106,2011-12,00,3590,Vanderbilt,23.0,36,36,32.1,5.8,11.8,0.493,1.8,4.3,0.423,2.6,4.4,0.605,2.1,3.4,5.6,1.7,1.3,0.4,2.2,1.9,16.1
203104,2011-12,00,2852,Kentucky,19.0,40,40,32.6,3.6,8.8,0.412,0.7,2.0,0.325,2.1,3.0,0.714,0.4,2.1,2.5,4.8,0.9,0.3,2.7,2.3,10.0
203138,2011-12,00,2620,Georgetown,21.0,33,33,31.1,4.7,10.1,0.464,1.8,4.1,0.43,1.7,2.5,0.679,1.3,4.2,5.5,1.5,0.7,0.5,1.7,2.2,12.8
203100,2011-12,00,3721,Washington,19.0,35,27,30.3,5.7,12.8,0.443,0.3,1.6,0.161,4.4,7.5,0.583,2.3,2.7,5.0,3.7,1.9,0.4,3.8,2.7,16.0
203092,2011-12,00,3104,North Carolina,22.0,38,38,28.2,5.8,10.5,0.553,0.0,0.0,,4.8,5.9,0.808,3.8,5.8,9.6,0.9,0.9,1.5,1.9,2.7,16.3
203500,2012-13,00,3487,Pittsburgh,19.0,32,32,23.4,3.1,5.5,0.571,0.0,0.0,,1.0,2.2,0.443,2.8,3.5,6.3,0.6,0.7,2.0,1.1,1.6,7.2
203505,2012-13,00,3742,Marquette,20.0,34,34,33.0,5.4,11.9,0.454,1.2,3.9,0.303,2.8,3.7,0.756,0.6,2.6,3.2,1.8,1.0,0.0,2.3,1.8,14.8
203485,2012-13,00,3132,North Carolina State,22.0,33,32,34.2,4.2,10.1,0.419,0.6,2.3,0.263,3.3,4.2,0.771,0.7,3.7,4.3,7.2,2.0,0.6,3.5,2.0,12.4
203493,2012-13,00,3104,North Carolina,22.0,35,35,31.4,4.9,10.2,0.483,2.5,5.8,0.436,1.6,2.1,0.767,2.0,4.4,6.5,2.9,1.3,0.3,1.2,1.4,13.9
203504,2012-13,00,2983,Michigan,20.0,39,39,35.3,6.6,14.4,0.463,1.9,5.1,0.384,3.4,4.3,0.801,0.5,2.6,3.2,6.7,1.6,0.5,2.2,1.9,18.6
203484,2012-13,00,2660,Georgia,20.0,32,32,33.9,5.8,13.4,0.433,2.6,7.0,0.373,4.2,5.3,0.799,1.2,5.9,7.1,1.8,2.0,0.5,2.0,2.2,18.5
203477,2012-13,00,2858,Murray State,22.0,31,30,36.5,6.9,16.1,0.431,3.0,8.2,0.37,4.9,6.0,0.822,0.6,2.9,3.5,4.3,1.5,0.1,3.2,1.9,21.8
203487,2012-13,00,3320,Syracuse,21.0,40,40,35.2,3.9,9.9,0.393,0.9,3.0,0.292,3.2,4.7,0.694,1.3,3.6,4.9,7.3,2.8,0.5,3.4,2.3,11.9
203496,2012-13,00,3588,Tennessee State,22.0,23,22,31.0,5.6,12.8,0.435,1.7,4.5,0.388,4.2,4.9,0.85,2.8,5.1,8.0,1.3,2.2,1.7,2.4,2.8,17.0
203459,2012-13,00,2513,California,21.0,33,33,36.2,6.5,14.2,0.459,1.9,5.6,0.348,3.4,4.2,0.813,1.0,5.1,6.1,2.6,1.1,0.7,2.5,2.1,18.4
203561,2012-13,00,3660,Brigham Young,21.0,36,36,29.3,6.4,12.2,0.522,0.1,0.4,0.357,4.8,7.1,0.682,2.1,5.9,8.0,2.4,1.3,1.0,2.6,3.1,17.7
203473,2012-13,00,2534,Southern California,23.0,31,29,22.3,2.8,5.7,0.5,0.0,0.1,0.0,1.0,1.5,0.681,2.3,4.7,7.0,0.6,1.1,2.1,1.6,3.0,6.7
203516,2012-13,00,2529,Long Beach State,22.0,33,32,33.1,5.5,11.2,0.491,1.7,4.7,0.357,3.8,4.6,0.834,2.0,4.7,6.7,2.1,1.8,1.3,3.0,2.3,16.5
203467,2012-13,00,2506,Arizona State,22.0,35,35,35.3,5.4,10.8,0.5,1.5,4.0,0.374,2.3,3.5,0.664,2.1,6.1,8.1,1.6,1.4,1.1,2.0,3.0,14.6
203462,2012-13,00,2852,Kentucky,18.0,33,33,31.8,4.8,10.8,0.44,0.5,1.9,0.266,4.1,6.4,0.637,1.5,3.2,4.6,2.7,1.1,0.5,3.1,2.9,14.1
203475,2012-13,00,3666,Virginia Tech,22.0,32,32,36.4,8.2,17.2,0.475,1.9,4.9,0.389,6.8,8.3,0.816,0.5,3.5,4.0,3.8,1.3,0.2,2.2,1.4,25.0
203501,2012-13,00,2983,Michigan,21.0,38,38,34.8,5.3,12.1,0.437,1.9,5.1,0.374,2.0,2.9,0.694,0.2,4.4,4.7,2.4,0.7,0.4,1.9,1.9,14.5
203524,2012-13,00,2507,Arizona,22.0,35,35,33.0,4.5,9.9,0.458,1.6,4.2,0.39,2.7,3.5,0.766,1.7,3.6,5.3,2.7,1.1,0.6,2.2,2.2,13.4
203511,2012-13,00,2507,Arizona,19.0,34,2,17.8,1.9,4.5,0.409,0.9,2.3,0.405,0.5,0.6,0.818,1.1,2.5,3.6,0.5,0.5,1.0,0.6,1.3,5.2
203509,2012-13,00,3601,Texas,21.0,11,11,37.3,4.2,10.0,0.418,0.7,2.5,0.296,5.5,7.0,0.792,0.6,4.4,5.0,5.5,2.0,0.0,3.4,1.8,14.6
203499,2012-13,00,2630,Miami (FL),20.0,36,35,36.4,5.1,10.6,0.479,1.9,4.7,0.406,2.4,3.1,0.777,0.5,3.4,3.8,4.6,2.0,0.1,2.3,1.6,14.5
203492,2012-13,00,2985,Detroit Mercy,22.0,33,33,36.6,6.5,13.2,0.491,1.3,3.9,0.323,4.5,6.2,0.717,1.3,3.8,5.1,4.5,1.9,0.6,2.1,2.0,18.7
203468,2012-13,00,3418,Lehigh,21.0,12,12,31.0,8.0,16.2,0.495,2.8,5.3,0.516,5.2,6.1,0.849,1.0,4.0,5.0,2.9,1.4,0.3,2.7,1.8,23.9
203463,2012-13,00,2828,Kansas,20.0,37,37,32.2,5.4,10.8,0.495,2.0,4.7,0.42,3.2,3.7,0.87,1.3,3.9,5.2,2.0,1.0,0.7,2.1,1.9,15.9
203502,2012-13,00,3615,North Texas,21.0,32,29,32.4,4.4,9.9,0.44,0.9,3.1,0.3,3.3,4.9,0.675,2.4,6.1,8.5,0.8,1.0,2.7,2.4,2.9,13.0
203498,2012-13,00,2535,California-Los Angeles,20.0,32,30,30.8,6.3,14.3,0.443,1.3,3.3,0.377,4.0,5.6,0.711,2.7,2.5,5.2,0.8,0.7,0.1,1.6,1.7,17.9
203513,2012-13,00,2635,Florida,22.0,36,34,26.4,4.6,8.8,0.516,2.0,4.4,0.453,1.1,1.4,0.784,1.6,3.9,5.5,1.4,0.6,0.7,1.4,2.8,12.2
203488,2012-13,00,3461,Bucknell,21.0,34,34,31.7,6.7,13.1,0.509,0.1,0.5,0.25,5.3,6.7,0.789,2.9,8.2,11.1,2.3,0.5,2.4,1.7,2.2,18.7
203506,2012-13,00,2783,Indiana,21.0,36,36,28.4,5.1,8.4,0.599,0.8,1.9,0.441,2.7,3.6,0.746,2.6,3.8,6.3,2.1,2.2,0.8,2.3,2.5,13.6
203482,2012-13,00,3722,Gonzaga,22.0,32,28,26.4,6.7,10.7,0.629,0.3,0.9,0.3,4.1,5.3,0.776,2.4,4.9,7.3,1.7,0.7,1.1,2.4,2.3,17.8
203486,2012-13,00,3111,Duke,23.0,36,36,34.7,6.1,10.3,0.599,0.0,0.0,,4.8,7.1,0.681,2.8,7.2,10.0,1.9,1.0,1.4,2.9,2.6,17.1
203490,2012-13,00,2620,Georgetown,20.0,31,31,35.4,5.4,11.3,0.48,1.4,3.3,0.422,3.9,5.1,0.777,1.8,5.7,7.5,2.7,1.8,0.9,1.5,2.0,16.2
203515,2012-13,00,3043,Missouri,22.0,34,34,33.9,4.1,11.0,0.376,1.4,4.2,0.324,2.2,3.0,0.735,0.8,2.6,3.3,7.1,1.8,0.1,3.5,1.9,11.9
203318,2011-12,00,2664,Georgia Tech,21.0,21,10,29.9,4.9,10.6,0.457,1.4,4.3,0.333,1.9,3.1,0.606,2.0,4.8,6.7,2.3,1.3,0.9,2.3,2.4,13.0
203460,2012-13,00,2578,Colorado,21.0,31,30,33.4,4.3,8.9,0.48,0.6,1.9,0.328,1.7,3.2,0.551,3.0,8.2,11.2,1.4,2.2,1.3,2.4,2.5,10.9
203491,2012-13,00,2855,Louisville,22.0,40,40,31.2,3.5,8.6,0.404,1.0,3.3,0.288,2.1,2.5,0.867,0.3,2.1,2.4,5.7,2.3,0.2,2.7,2.6,10.0
203503,2012-13,00,3208,New Mexico,21.0,35,35,31.2,4.1,9.7,0.422,1.8,4.7,0.39,2.5,2.9,0.843,0.4,2.2,2.6,2.9,0.8,0.5,2.1,1.3,12.5
203519,2012-13,00,3581,Memphis,20.0,36,36,29.3,4.3,10.6,0.405,0.7,2.5,0.292,2.4,3.1,0.752,1.5,2.9,4.5,1.9,0.7,0.7,1.6,1.4,11.7
203481,2012-13,00,2828,Kansas,23.0,37,37,30.9,5.0,8.6,0.582,0.0,0.0,1.0,3.7,5.2,0.714,2.1,6.4,8.5,0.9,0.8,3.9,2.0,2.1,13.7
203489,2012-13,00,3550,South Dakota State,22.0,33,33,38.1,7.3,15.1,0.485,1.9,5.1,0.379,5.7,7.0,0.813,1.1,4.5,5.6,5.8,1.7,0.1,2.3,1.5,22.3
203469,2012-13,00,2783,Indiana,20.0,36,36,29.5,5.5,9.8,0.562,0.0,0.1,0.0,5.4,7.2,0.757,2.8,5.2,8.1,1.3,1.0,1.3,2.3,2.2,16.5
203919,2013-14,00,2535,California-Los Angeles,19.0,36,36,30.1,5.8,11.9,0.485,1.4,4.1,0.356,4.4,5.3,0.836,1.9,3.5,5.3,2.3,2.6,0.1,1.5,2.2,17.4
203947,2013-14,00,2506,Arizona State,24.0,33,33,30.9,4.0,7.4,0.545,0.0,0.0,,3.4,4.9,0.693,2.2,6.1,8.2,0.5,0.4,4.0,1.5,3.0,11.5
203946,2013-14,00,3208,New Mexico,23.0,34,34,32.9,7.0,12.5,0.556,0.0,0.1,0.333,6.4,8.8,0.735,2.2,5.1,7.4,1.6,0.6,1.5,2.0,2.1,20.4
203920,2013-14,00,3215,Nevada-Las Vegas,21.0,33,32,31.4,3.8,7.4,0.51,0.0,0.0,,4.0,5.7,0.693,4.0,6.2,10.2,1.2,0.6,3.8,1.3,2.3,11.5
203938,2013-14,00,3733,Wisconsin-Green Bay,21.0,30,30,30.3,5.5,11.6,0.476,1.4,3.3,0.42,2.9,4.0,0.727,2.1,3.6,5.7,1.0,0.5,3.1,2.2,2.2,15.3
203900,2013-14,00,3392,Oklahoma State,22.0,34,34,35.3,5.6,11.8,0.473,1.6,4.3,0.379,4.4,5.7,0.768,1.1,4.2,5.3,2.9,1.0,1.0,1.6,2.5,17.2
203913,2013-14,00,3043,Missouri,21.0,35,35,37.0,5.8,12.4,0.467,2.3,5.6,0.41,6.1,7.6,0.797,0.5,3.9,4.4,1.9,0.6,0.1,2.3,1.6,19.9
203902,2013-14,00,3340,Xavier,21.0,34,34,35.3,5.9,12.4,0.479,0.6,1.4,0.388,4.6,6.9,0.668,0.4,2.2,2.7,4.2,1.3,0.2,2.6,2.1,17.0
203903,2013-14,00,3043,Missouri,22.0,35,35,35.1,6.0,13.4,0.447,0.9,3.3,0.281,4.6,5.6,0.831,0.8,3.0,3.8,3.4,1.1,0.2,2.7,2.2,17.5
203905,2013-14,00,3346,Ohio State,23.0,35,35,34.4,3.2,6.8,0.473,0.5,1.5,0.302,2.9,3.9,0.741,0.3,3.3,3.6,4.7,2.5,0.1,2.6,2.4,9.8
203921,2013-14,00,2842,Wichita State,23.0,36,36,27.4,5.2,10.7,0.486,1.8,4.9,0.375,4.2,5.0,0.844,1.3,4.6,5.9,0.8,0.8,0.8,1.9,2.3,16.4
203898,2013-14,00,3320,Syracuse,19.0,34,34,35.7,4.4,10.6,0.411,0.9,2.5,0.353,3.4,4.4,0.765,0.8,2.6,3.4,5.5,2.1,0.2,1.7,2.0,12.9
203927,2013-14,00,3320,Syracuse,22.0,34,34,37.8,6.4,14.9,0.429,0.7,2.6,0.276,3.0,4.2,0.725,1.7,4.7,6.4,1.3,1.3,0.8,2.5,2.1,16.5
203932,2013-14,00,2507,Arizona,18.0,38,38,31.2,5.0,10.1,0.495,0.4,1.2,0.356,2.0,4.7,0.422,2.7,5.3,8.0,2.0,0.9,1.0,1.4,2.4,12.4
203798,2012-13,00,3104,North Carolina,20.0,34,14,23.6,4.7,10.9,0.431,2.6,6.6,0.396,2.6,3.3,0.779,1.9,2.4,4.3,1.4,1.3,0.4,1.1,1.9,14.6
203925,2013-14,00,3670,Virginia,22.0,37,37,28.8,4.0,9.1,0.441,1.9,4.9,0.4,2.0,3.1,0.64,0.6,2.4,2.9,2.3,0.9,0.2,1.3,2.4,12.0
203918,2013-14,00,3111,Duke,21.0,35,33,32.9,5.5,11.8,0.464,2.0,4.8,0.42,3.1,3.9,0.807,0.8,3.1,3.9,2.1,0.7,0.3,1.5,2.6,16.1
203928,2013-14,00,3654,Baylor,23.0,38,38,29.0,4.8,9.7,0.5,0.4,1.0,0.368,3.6,5.6,0.64,2.8,5.4,8.2,1.0,0.4,1.3,1.3,2.2,13.7
203910,2013-14,00,2507,Arizona,21.0,38,38,33.0,5.4,12.5,0.432,1.6,4.4,0.367,3.8,4.9,0.781,0.8,3.2,4.1,2.8,1.1,0.7,1.7,2.0,16.3
203945,2013-14,00,3208,New Mexico,22.0,32,32,32.0,5.2,10.5,0.49,0.4,1.8,0.214,2.6,3.8,0.667,2.3,6.4,8.7,1.1,0.4,2.7,1.8,2.6,13.3
203897,2013-14,00,2535,California-Los Angeles,19.0,37,1,24.4,3.4,7.8,0.441,1.3,3.5,0.375,1.3,1.8,0.691,0.5,2.1,2.5,1.8,0.9,0.2,1.1,2.0,9.4
203906,2013-14,00,2714,Iowa,21.0,33,33,30.2,5.5,13.2,0.42,1.6,4.5,0.349,4.3,6.0,0.714,0.8,2.4,3.2,3.6,1.8,0.2,1.7,1.9,17.0
203949,2013-14,00,3104,North Carolina,21.0,34,34,30.1,5.1,11.1,0.458,0.0,0.2,0.0,4.1,7.6,0.537,2.6,4.1,6.8,1.7,1.3,0.9,1.4,2.7,14.2
203909,2013-14,00,3526,Clemson,21.0,36,35,33.7,5.8,12.6,0.459,1.2,3.8,0.304,4.3,5.1,0.842,2.4,4.7,7.1,1.6,1.1,2.8,2.3,2.2,17.1
203926,2013-14,00,3160,Creighton,22.0,35,35,33.7,9.4,17.9,0.526,2.7,6.1,0.449,5.1,5.9,0.864,1.6,5.3,7.0,1.6,0.2,0.1,1.8,1.9,26.7
203895,2013-14,00,3575,Tennessee,23.0,37,37,32.2,6.0,13.8,0.436,2.1,6.1,0.351,4.5,5.7,0.788,0.7,2.8,3.5,2.5,0.7,1.0,2.1,2.1,18.7
203894,2013-14,00,2609,Connecticut,22.0,40,40,35.1,5.3,12.4,0.429,2.2,5.4,0.405,5.2,6.0,0.87,1.0,4.9,5.9,4.9,1.8,0.3,2.9,2.1,18.0
203948,2013-14,00,2863,Louisiana State,21.0,34,34,30.0,6.0,12.0,0.496,0.0,0.1,0.5,3.5,5.5,0.634,3.0,4.7,7.7,1.6,0.5,0.9,3.2,3.2,15.4
203901,2013-14,00,2867,Louisiana-Lafayette,20.0,35,35,35.9,6.8,13.3,0.509,0.4,1.5,0.259,5.3,8.6,0.609,2.3,3.7,6.0,5.9,2.3,0.6,3.6,2.4,19.2
203939,2013-14,00,2571,Stanford,22.0,36,36,32.4,4.9,10.5,0.462,0.3,1.1,0.256,4.0,5.9,0.687,1.9,4.9,6.9,3.1,1.3,0.8,2.9,3.1,14.0
203944,2013-14,00,2852,Kentucky,19.0,40,40,30.8,4.9,9.8,0.5,0.1,0.5,0.167,5.1,7.2,0.706,3.5,6.9,10.4,1.4,0.5,0.8,2.5,2.3,15.0
203922,2013-14,00,2983,Michigan,20.0,37,37,32.3,4.9,10.1,0.488,0.9,2.9,0.306,2.4,3.1,0.757,1.5,3.0,4.4,1.2,0.9,0.3,1.2,1.5,13.1
203935,2013-14,00,3392,Oklahoma State,20.0,31,31,32.7,5.3,12.5,0.422,1.6,5.3,0.299,5.9,8.1,0.728,1.4,4.5,5.9,4.8,2.9,0.6,2.6,2.9,18.0
203893,2013-14,00,2855,Louisville,23.0,37,36,29.3,6.1,13.0,0.468,1.9,4.9,0.387,4.1,5.9,0.705,0.8,2.5,3.3,4.6,2.0,0.1,2.8,2.5,18.2
203917,2013-14,00,2983,Michigan,20.0,36,36,35.6,5.1,10.9,0.47,2.6,5.8,0.442,4.7,5.7,0.824,0.4,2.5,2.9,3.3,0.6,0.3,1.9,1.3,17.5
203950,2013-14,00,3575,Tennessee,20.0,37,37,32.4,5.4,10.1,0.531,0.0,0.0,,4.3,6.2,0.696,4.2,6.4,10.6,2.0,0.7,0.9,2.1,2.0,15.1
203904,2013-14,00,2555,San Diego State,23.0,36,36,31.3,5.2,12.7,0.411,1.7,4.6,0.372,5.4,6.5,0.834,0.6,2.3,2.9,3.2,1.6,0.1,1.4,2.0,17.6
203943,2013-14,00,2783,Indiana,18.0,30,29,26.5,3.8,7.2,0.523,0.5,1.1,0.485,3.2,4.5,0.716,2.4,6.6,9.0,0.6,0.9,1.4,2.1,2.7,11.3
203933,2013-14,00,3132,North Carolina State,20.0,35,35,35.4,9.8,18.6,0.525,0.9,3.3,0.267,4.5,6.5,0.69,3.2,3.9,7.1,1.1,1.8,0.6,2.4,2.8,24.9
203912,2013-14,00,3721,Washington,23.0,32,32,34.9,6.2,13.6,0.453,2.8,7.2,0.391,3.2,3.7,0.873,0.7,3.0,3.7,2.5,1.0,1.0,1.7,2.3,18.3
203923,2013-14,00,2852,Kentucky,18.0,40,39,32.4,4.6,11.3,0.407,2.1,5.9,0.349,3.1,4.4,0.706,1.0,3.3,4.3,1.7,0.8,0.2,1.9,2.1,14.3
1626147,2014-15,00,3670,Virginia,21.0,26,23,27.8,4.0,8.5,0.466,1.8,4.0,0.452,2.5,3.2,0.78,0.7,3.4,4.0,1.7,0.7,0.5,1.2,1.2,12.2
1626165,2014-15,00,2507,Arizona,20.0,38,38,27.8,4.4,8.5,0.514,0.3,0.9,0.333,3.2,4.5,0.703,1.8,3.4,5.2,0.7,0.6,0.7,1.4,2.8,12.2
1626207,2014-15,00,2609,Connecticut,22.0,34,34,35.8,5.4,12.6,0.423,2.5,6.1,0.411,4.2,4.9,0.85,0.4,3.6,4.1,3.8,1.4,0.2,2.4,1.9,17.4
1626164,2014-15,00,2852,Kentucky,18.0,38,0,21.5,3.6,7.6,0.47,1.5,3.7,0.411,1.4,1.7,0.828,0.4,1.6,2.0,1.1,0.4,0.1,1.0,1.5,10.0
1626148,2014-15,00,2571,Stanford,22.0,37,36,35.7,4.8,11.0,0.431,2.1,4.8,0.441,3.1,3.9,0.795,1.1,5.8,6.9,2.5,0.8,0.2,1.9,2.1,14.8
1626176,2014-15,00,3320,Syracuse,23.0,31,31,34.3,6.5,11.9,0.552,0.0,0.0,0.0,4.4,6.2,0.712,3.1,6.0,9.1,1.5,0.9,2.5,2.5,3.4,17.5
1626192,2014-15,00,2806,Notre Dame,22.0,38,38,35.6,4.4,9.4,0.466,2.4,5.8,0.423,1.3,1.7,0.781,1.1,6.3,7.4,1.5,0.7,0.9,1.2,2.0,12.5
1626188,2014-15,00,3111,Duke,22.0,39,39,35.8,5.1,11.3,0.453,2.6,6.6,0.395,2.5,2.8,0.891,0.4,3.0,3.4,2.6,1.0,0.0,1.2,1.9,15.3
1626183,2014-15,00,2989,Michigan State,22.0,35,32,30.1,5.2,9.7,0.535,0.0,0.0,,1.5,3.0,0.49,2.9,6.2,9.1,1.7,1.2,1.7,1.9,2.1,11.9
1626155,2014-15,00,3738,Wisconsin,21.0,40,40,31.0,5.3,10.2,0.525,1.3,3.8,0.331,2.0,2.8,0.708,1.9,3.6,5.5,1.2,0.5,0.5,0.9,1.1,13.9
1626187,2014-15,00,2635,Florida,21.0,26,19,29.2,3.8,9.0,0.417,2.2,5.8,0.38,2.3,2.7,0.871,0.9,3.2,4.1,1.4,1.2,0.1,1.8,1.7,12.1
1626203,2014-15,00,3694,Virginia Commonwealth,21.0,33,33,29.4,5.2,12.2,0.428,1.9,5.1,0.381,3.8,5.5,0.691,2.2,4.8,7.1,1.6,0.6,0.3,1.1,2.1,16.2
1626152,2014-15,00,2903,Boston College,22.0,32,31,37.6,7.0,15.5,0.454,2.0,5.8,0.353,3.4,4.5,0.759,0.8,3.5,4.2,4.2,1.3,0.0,2.7,2.1,19.5
1626150,2014-15,00,2852,Kentucky,20.0,39,39,25.5,2.6,6.8,0.378,0.9,2.4,0.383,3.2,4.1,0.792,0.3,1.9,2.2,3.6,1.0,0.2,1.6,1.8,9.3
1626151,2014-15,00,2852,Kentucky,20.0,39,38,25.8,3.7,9.5,0.395,1.5,4.8,0.316,2.0,2.6,0.782,0.4,2.2,2.6,1.4,1.1,0.2,0.9,1.6,11.0
1626227,2014-15,00,3714,Eastern Washington,21.0,32,32,36.9,7.2,15.3,0.469,4.0,9.3,0.431,4.7,5.5,0.852,0.6,3.0,3.6,2.6,1.1,0.1,2.0,1.9,23.1
1626186,2014-15,00,2520,California-Davis,23.0,28,28,33.4,6.7,13.4,0.503,2.9,5.9,0.488,4.6,5.6,0.822,0.7,4.3,4.9,3.4,1.4,0.2,3.0,1.9,20.9
1626178,2014-15,00,2507,Arizona,20.0,38,25,28.7,3.6,7.2,0.502,0.2,0.8,0.207,3.8,5.4,0.707,2.0,4.8,6.8,1.6,1.2,0.8,1.6,2.5,11.2
1626158,2014-15,00,3335,Bowling Green,21.0,31,31,28.8,5.3,9.5,0.563,0.6,1.4,0.419,3.5,4.9,0.712,2.8,5.2,8.0,0.8,0.7,2.7,1.9,2.5,14.7
1626182,2014-15,00,3601,Texas,22.0,32,31,26.1,3.3,8.4,0.389,1.3,4.1,0.331,2.4,3.1,0.778,2.2,3.9,6.1,1.1,0.5,1.0,1.5,2.2,10.3
1626154,2014-15,00,2663,Georgia State,21.0,35,35,37.0,5.8,14.7,0.395,2.3,7.5,0.305,5.8,6.6,0.878,0.8,3.9,4.7,3.6,2.1,1.0,2.2,2.4,19.7
1626205,2014-15,00,3618,Texas-El Paso,20.0,33,30,28.5,5.5,10.5,0.526,0.1,0.3,0.4,3.8,6.3,0.599,2.7,6.6,9.2,1.7,1.2,1.0,2.8,3.0,14.9
1626177,2014-15,00,2852,Kentucky,19.0,39,0,16.3,2.0,4.0,0.506,0.0,0.0,,2.3,3.7,0.625,1.7,2.9,4.6,0.7,0.4,0.9,1.1,1.8,6.4
1626145,2014-15,00,3111,Duke,19.0,39,39,33.9,3.5,8.3,0.417,1.2,3.2,0.379,3.7,4.2,0.889,0.5,3.0,3.5,5.6,1.5,0.1,1.9,1.2,11.8
1626185,2014-15,00,2863,Louisiana State,21.0,33,32,35.1,6.1,12.0,0.509,0.4,1.6,0.269,4.2,6.2,0.69,3.0,6.3,9.2,1.8,1.2,0.7,2.8,2.8,16.9
204456,2014-15,00,2507,Arizona,23.0,38,38,30.5,4.1,8.2,0.498,0.7,2.1,0.321,1.5,1.8,0.829,0.7,3.2,3.8,6.3,2.2,0.1,2.1,1.8,10.4
1626175,2014-15,00,2863,Louisiana State,20.0,31,31,34.9,6.2,12.2,0.504,0.0,0.3,0.111,3.1,4.7,0.646,3.2,6.7,9.9,1.3,0.9,3.6,3.3,2.6,15.4
1626162,2014-15,00,2828,Kansas,19.0,36,27,21.0,3.1,6.9,0.444,0.9,2.6,0.358,2.2,3.1,0.718,1.1,3.8,5.0,0.8,1.1,0.4,1.2,2.0,9.3
1626166,2014-15,00,2858,Murray State,20.0,35,35,32.2,7.0,15.3,0.456,2.4,6.4,0.377,3.8,4.8,0.787,0.6,3.1,3.7,6.0,1.9,0.5,2.5,2.1,20.2
1626189,2014-15,00,3158,Nebraska,22.0,31,31,35.0,5.9,15.0,0.396,2.2,7.0,0.313,4.1,5.8,0.711,0.5,4.4,4.9,2.8,1.1,0.9,3.4,3.0,18.2
1626171,2014-15,00,2494,Arkansas,20.0,36,36,29.9,6.9,12.9,0.536,0.4,0.8,0.467,3.2,4.3,0.737,3.7,5.2,8.9,1.2,1.1,1.4,1.6,2.2,17.5
1626181,2014-15,00,2535,California-Los Angeles,22.0,36,36,34.6,5.9,13.0,0.456,1.1,3.3,0.319,3.5,4.7,0.751,0.6,4.1,4.7,2.1,1.8,0.4,2.2,2.5,16.4
1626180,2014-15,00,2494,Arkansas,21.0,36,34,30.2,5.0,11.5,0.436,1.5,4.6,0.333,4.4,5.7,0.775,1.6,3.7,5.3,1.7,0.9,0.5,1.7,1.7,15.9
1626184,2014-15,00,2571,Stanford,22.0,37,37,36.4,5.9,14.6,0.403,2.4,6.7,0.363,5.4,6.2,0.877,0.3,3.0,3.3,3.0,1.4,0.1,2.0,2.2,19.6
1626179,2014-15,00,2855,Louisville,21.0,36,35,35.0,5.9,14.5,0.411,1.3,4.4,0.306,3.9,4.9,0.79,1.2,4.4,5.6,3.0,2.0,0.2,2.2,1.7,17.1
1626208,2014-15,00,3733,Wisconsin-Green Bay,21.0,33,33,35.0,6.5,14.3,0.452,1.4,4.5,0.311,4.3,5.5,0.78,0.8,3.7,4.5,4.0,1.7,0.2,2.2,2.2,18.6
1626194,2014-15,00,3700,William & Mary,22.0,33,33,36.7,6.5,14.3,0.456,3.1,7.7,0.402,3.8,4.6,0.83,0.3,2.5,2.8,2.9,0.6,0.1,2.3,1.1,20.0
1626160,2014-15,00,3104,North Carolina,21.0,38,34,29.1,3.1,7.1,0.428,0.3,0.8,0.375,1.9,3.1,0.615,1.6,4.0,5.6,4.3,1.5,0.3,2.2,2.4,8.3
1626173,2014-15,00,3215,Nevada-Las Vegas,18.0,23,23,32.2,6.3,14.3,0.439,2.3,6.1,0.383,3.0,4.3,0.694,0.6,4.2,4.8,1.6,0.8,0.3,2.2,2.3,17.8
1626217,2014-15,00,2635,Florida,20.0,31,6,14.6,2.1,3.8,0.538,0.0,0.1,0.0,0.5,1.4,0.386,1.3,2.2,3.5,0.1,0.3,1.2,1.0,2.0,4.7
1626210,2014-15,00,2563,California-Santa Barbara,22.0,26,26,32.6,6.2,13.4,0.458,0.0,0.1,0.0,5.0,6.5,0.768,3.3,8.5,11.8,1.7,1.2,1.8,2.0,2.7,17.3
1626153,2014-15,00,3661,Utah,23.0,35,35,33.3,4.7,9.3,0.509,0.7,2.1,0.356,4.4,5.2,0.836,1.0,4.0,4.9,5.1,2.1,1.0,1.9,1.4,14.5
1627758,2015-16,00,2842,Wichita State,23.0,35,35,31.6,4.6,10.8,0.424,1.8,5.2,0.35,3.1,3.9,0.793,0.5,4.3,4.8,3.2,1.5,0.6,1.5,1.4,14.0
1627735,2014-15,00,3590,Vanderbilt,19.0,35,24,28.8,2.9,6.5,0.439,1.2,2.8,0.439,2.4,3.0,0.802,0.5,3.7,4.1,4.4,1.4,0.1,1.9,2.5,9.4
1627761,2015-16,00,3478,Saint Joseph's,21.0,36,35,37.3,6.6,13.8,0.479,0.9,3.6,0.266,3.3,4.9,0.657,1.4,6.3,7.8,4.5,1.4,0.8,2.0,2.4,17.4
1627791,2015-16,00,3517,Providence,21.0,35,33,34.2,7.0,15.2,0.462,1.5,4.5,0.329,5.5,7.1,0.782,2.7,5.0,7.7,1.1,0.9,1.0,1.9,2.8,21.1
1628417,2016-17,00,3526,Clemson,23.0,33,33,34.3,6.7,13.4,0.499,0.7,2.8,0.255,3.6,5.1,0.714,1.8,4.5,6.3,1.5,0.8,0.9,1.7,1.6,17.7
1627762,2015-16,00,3658,Weber State,22.0,33,33,31.6,5.8,10.2,0.573,0.6,1.7,0.364,4.8,6.9,0.697,3.3,9.3,12.6,1.1,0.7,1.2,2.4,2.2,17.1
1627763,2015-16,00,3670,Virginia,23.0,37,37,34.1,6.2,13.6,0.457,2.0,5.2,0.391,3.8,4.2,0.897,0.5,3.5,4.1,3.1,0.9,0.2,1.4,2.1,18.2
1627737,2015-16,00,3721,Washington,18.0,34,34,24.9,5.3,10.0,0.531,0.6,1.8,0.35,2.6,3.8,0.685,2.5,2.9,5.6,0.8,0.9,1.6,4.1,2.0,13.8
1627766,2015-16,00,3389,Oklahoma,22.0,37,37,33.3,4.6,11.2,0.406,1.8,4.3,0.411,1.8,2.6,0.67,0.6,3.8,4.5,4.5,1.4,0.3,2.4,1.7,12.6
1627767,2015-16,00,2828,Kansas,19.0,27,1,7.5,1.2,2.1,0.569,0.0,0.0,,0.6,1.0,0.556,0.6,1.9,2.5,0.0,0.3,0.9,0.6,1.4,3.0
1627768,2015-16,00,2828,Kansas,22.0,38,38,30.3,6.2,11.7,0.531,0.7,1.7,0.438,3.7,4.7,0.785,1.7,4.1,5.8,1.3,0.5,0.5,1.5,1.7,16.9
1627770,2015-16,00,307,Oakland,21.0,35,35,36.7,7.7,17.5,0.44,2.2,6.1,0.355,6.8,8.1,0.848,0.7,3.5,4.3,9.3,2.0,0.2,3.4,3.0,24.4
1627827,2015-16,00,2635,Florida,23.0,36,36,31.8,4.7,10.8,0.437,2.0,5.4,0.368,3.4,4.6,0.733,2.5,5.9,8.3,2.1,0.9,0.8,1.9,2.2,14.7
1627771,2015-16,00,3320,Syracuse,24.0,37,37,37.9,6.1,13.2,0.461,2.5,6.3,0.391,2.9,4.3,0.663,1.1,3.0,4.1,4.3,1.9,0.4,2.8,2.6,17.5
1627772,2015-16,00,2609,Connecticut,20.0,36,36,32.0,4.4,11.4,0.387,1.3,3.9,0.331,2.4,2.8,0.86,0.9,8.0,8.9,4.7,1.1,0.4,2.4,1.8,12.5
1628404,2016-17,00,3502,Villanova,22.0,36,36,33.2,6.6,12.9,0.51,2.1,5.1,0.404,3.5,4.7,0.747,1.4,5.0,6.4,2.9,1.6,0.3,2.0,2.3,18.7
204211,2013-14,00,3338,Cincinnati,23.0,34,34,27.8,4.7,8.9,0.532,0.0,0.0,,1.7,3.7,0.46,3.2,4.0,7.3,1.7,1.6,2.9,2.0,3.1,11.1
1627743,2015-16,00,2806,Notre Dame,21.0,35,35,35.9,5.5,12.2,0.451,1.5,4.7,0.331,3.2,4.0,0.813,0.9,2.6,3.5,4.7,1.2,0.3,1.9,2.2,15.8
1627744,2015-16,00,3104,North Carolina,22.0,40,39,28.0,6.7,10.9,0.614,0.0,0.0,,3.6,4.6,0.783,2.9,7.5,10.4,1.5,1.1,1.5,1.8,2.7,17.0
1627745,2015-16,00,3590,Vanderbilt,21.0,33,33,26.2,5.6,9.5,0.59,0.0,0.1,0.0,2.7,5.1,0.536,2.2,4.6,6.9,1.2,0.2,1.6,2.0,3.3,13.9
1627774,2015-16,00,2953,Maryland,22.0,36,36,31.4,3.9,7.8,0.5,1.6,4.0,0.396,2.2,2.6,0.832,1.0,4.2,5.3,1.1,1.1,1.0,1.7,1.9,11.6
1627775,2015-16,00,3215,Nevada-Las Vegas,20.0,33,32,33.7,5.1,10.9,0.465,2.1,5.6,0.366,2.5,3.2,0.774,1.2,4.0,5.1,3.9,2.5,0.4,2.1,2.2,14.7
1629005,2017-18,00,2828,Kansas,21.0,39,33,31.6,4.8,10.3,0.463,2.2,5.3,0.415,2.5,2.9,0.835,0.5,4.5,5.0,2.1,1.1,0.2,1.5,1.6,14.2
1627777,2015-16,00,2700,Iowa State,23.0,35,35,33.2,8.1,14.8,0.546,1.6,4.1,0.392,2.7,3.4,0.807,1.3,4.9,6.2,3.3,0.9,0.6,2.6,3.2,20.5
1627778,2015-16,00,2855,Louisville,19.0,31,29,24.6,4.4,7.1,0.62,0.0,0.0,0.0,1.1,1.8,0.589,2.9,5.5,8.5,1.6,0.8,2.0,2.1,3.0,9.9
1627779,2015-16,00,3104,North Carolina,22.0,34,34,31.6,4.1,10.4,0.398,2.2,6.1,0.356,2.1,2.7,0.774,0.4,2.1,2.5,3.8,1.1,0.4,1.2,1.5,12.6
1627780,2015-16,00,3398,Oregon State,23.0,32,32,34.3,6.4,13.2,0.486,0.7,2.2,0.314,2.5,3.8,0.642,2.4,5.4,7.8,5.0,2.5,0.5,2.3,2.7,16.0
1627752,2015-16,00,3654,Baylor,22.0,34,34,30.6,5.5,12.7,0.432,1.6,4.3,0.361,3.3,4.3,0.774,2.4,3.7,6.1,2.3,1.3,0.7,2.7,2.5,15.9
1627753,2015-16,00,3923,Xinjiang Guanghui,20.0,42,40,34.2,5.5,9.0,0.603,0.2,0.4,0.6,4.7,6.2,0.758,2.9,6.8,9.8,1.5,1.1,3.2,1.7,2.6,15.8
1627781,2015-16,00,3320,Syracuse,20.0,37,37,34.4,4.1,11.1,0.369,2.1,6.1,0.353,3.1,4.2,0.72,0.5,3.8,4.3,2.1,1.2,0.3,2.1,2.5,13.4
1627783,2015-16,00,3209,New Mexico State,22.0,34,34,34.6,8.1,15.0,0.538,0.1,0.4,0.2,4.0,5.9,0.678,3.9,7.7,11.6,1.7,1.0,2.7,2.2,2.0,20.2
1627754,2015-16,00,2953,Maryland,19.0,35,22,22.6,4.8,8.4,0.568,0.0,0.0,,2.9,3.8,0.761,2.2,3.2,5.4,0.4,0.5,1.6,1.5,2.3,12.5
1628403,2016-17,00,2815,Purdue,20.0,35,35,32.5,6.3,12.0,0.527,1.1,2.4,0.447,4.7,6.0,0.781,2.7,9.7,12.5,3.0,0.4,0.8,3.4,2.8,18.5
1627755,2015-16,00,2852,Kentucky,20.0,35,35,36.8,5.5,12.6,0.434,1.6,4.6,0.344,4.8,5.6,0.856,0.5,2.5,3.0,7.0,1.5,0.1,2.0,1.8,17.3
1627784,2015-16,00,2714,Iowa,23.0,33,33,31.5,6.6,14.8,0.448,2.0,5.2,0.382,3.7,4.5,0.813,1.5,4.9,6.3,1.1,1.0,2.5,1.2,1.5,18.9
1627756,2015-16,00,2989,Michigan State,22.0,31,30,33.0,6.6,14.3,0.462,3.4,7.5,0.444,2.6,3.1,0.853,0.8,6.7,7.5,7.8,1.0,0.2,2.7,1.7,19.2
1627785,2015-16,00,3202,Seton Hall,21.0,34,32,32.3,5.7,15.1,0.379,2.4,6.5,0.365,4.4,5.8,0.76,0.5,3.1,3.6,5.1,1.2,1.4,3.5,2.3,18.2
1627786,2015-16,00,2783,Indiana,21.0,35,34,26.2,4.7,9.1,0.513,0.7,2.1,0.347,3.2,4.6,0.691,1.4,4.4,5.8,2.0,1.1,0.8,2.7,2.2,13.3
1627787,2015-16,00,3722,Gonzaga,23.0,36,36,33.6,7.2,14.7,0.491,2.5,5.7,0.437,3.5,4.1,0.857,1.7,4.6,6.3,1.5,0.4,0.8,2.1,1.8,20.4
1627757,2015-16,00,3215,Nevada-Las Vegas,19.0,26,24,26.2,3.9,8.2,0.477,0.2,0.7,0.294,2.4,3.9,0.624,2.2,6.6,8.7,0.8,0.5,2.0,2.1,3.0,10.5
