name,salary,season_start,season_end
Stephen Curry ,37457154,2018,2019
Russell Westbrook ,35665000,2018,2019
Chris Paul ,35654150,2018,2019
LeBron James ,35654150,2018,2019
Kyle Lowry ,32700000,2018,2019
Blake Griffin ,31873932,2018,2019
Gordon Hayward ,31214295,2018,2019
James Harden ,30570000,2018,2019
Paul George ,30560700,2018,2019
Mike Conley ,30521115,2018,2019
Kevin Durant ,30000000,2018,2019
Paul Millsap ,29230769,2018,2019
Al Horford ,28928710,2018,2019
Damian Lillard ,27977689,2018,2019
DeMar DeRozan ,27739975,2018,2019
Chris Bosh ,26837720,2018,2019
Jrue Holiday ,26641111,2018,2019
Otto Porter ,26011913,2018,2019
CJ McCollum ,25759766,2018,2019
Nikola Jokic ,25467250,2018,2019
Andrew Wiggins ,25467250,2018,2019
Joel Embiid ,25467250,2018,2019
Anthony Davis ,25434263,2018,2019
Andre Drummond ,25434262,2018,2019
Bradley Beal ,25434262,2018,2019
Hassan Whiteside ,24434262,2018,2019
Dwight Howard ,24256725,2018,2019
Giannis Antetokounmpo ,24157304,2018,2019
Steven Adams ,24157304,2018,2019
Kevin Love ,24119025,2018,2019
Marc Gasol ,24119025,2018,2019
Chandler Parsons ,24107258,2018,2019
Harrison Barnes ,24107258,2018,2019
Nicolas Batum ,24000000,2018,2019
Rudy Gobert ,23491573,2018,2019
Kawhi Leonard ,23114066,2018,2019
DeAndre Jordan ,22897200,2018,2019
LaMarcus Aldridge ,22347015,2018,2019
Serge Ibaka ,21666667,2018,2019
Aaron Gordon ,21590909,2018,2019
Danilo Gallinari ,21587579,2018,2019
Victor Oladipo ,21000000,2018,2019
Ryan Anderson ,20421546,2018,2019
Joakim Noah ,20261172,2018,2019
Kyrie Irving ,20099189,2018,2019
Jabari Parker ,20000000,2018,2019
Jimmy Butler ,19841627,2018,2019
Zach LaVine ,19500000,2018,2019
Wesley Matthews ,19360228,2018,2019
Allen Crabbe ,19332500,2018,2019
Enes Kanter ,19264603,2018,2019
Tyler Johnson ,19245370,2018,2019
John Wall ,19169800,2018,2019
George Hill ,19000000,2018,2019
Jeff Teague ,19000000,2018,2019
Klay Thompson ,18988725,2018,2019
Goran Dragic ,18109175,2018,2019
Kent Bazemore ,18089888,2018,2019
Evan Turner ,17868853,2018,2019
Tristan Thompson ,17469565,2018,2019
Draymond Green ,17469565,2018,2019
Tim Hardaway Jr ,17325000,2018,2019
Pau Gasol ,17133285,2018,2019
Reggie Jackson ,17043478,2018,2019
Bismack Biyombo ,17000000,2018,2019
Evan Fournier ,17000000,2018,2019
Derrick Favors ,16900000,2018,2019
Luol Deng ,16747954,2018,2019
Jonas Valanciunas ,16539326,2018,2019
Gary Harris ,16517857,2018,2019
Andre Iguodala ,16000000,2018,2019
Timofey Mozgov ,16000000,2018,2019
Ian Mahinmi ,16000000,2018,2019
Clint Capela ,15793104,2018,2019
Dennis Schroeder ,15500000,2018,2019
DeMarre Carroll ,15400000,2018,2019
Gorgui Dieng ,15170787,2018,2019
Eric Bledsoe ,15000000,2018,2019
Trevor Ariza ,15000000,2018,2019
Tobias Harris ,14800000,2018,2019
Ricky Rubio ,14800000,2018,2019
JR Smith ,14720000,2018,2019
Brandon Knight ,14631250,2018,2019
James Johnson ,14420700,2018,2019
Robin Lopez ,14357750,2018,2019
Kenneth Faried ,14242782,2018,2019
Marvin Williams ,14087500,2018,2019
Taj Gibson ,14000000,2018,2019
Thaddeus Young ,13764045,2018,2019
Tyson Chandler ,13585000,2018,2019
Marcin Gortat ,13565218,2018,2019
Kelly Olynyk ,13537527,2018,2019
Cody Zeller ,13528090,2018,2019
Eric Gordon ,13500375,2018,2019
Austin Rivers ,13155324,2018,2019
Michael Kidd-Gilchrist ,13000000,2018,2019
Khris Middleton ,13000000,2018,2019
Mason Plumlee ,12917808,2018,2019
Wilson Chandler ,12800562,2018,2019
Solomon Hill ,12763467,2018,2019
Nikola Vucevic ,12750000,2018,2019
Dion Waiters ,12705000,2018,2019
Joe Ingles ,12545455,2018,2019
Jeremy Lin ,12516746,2018,2019
Jordan Clarkson ,12500000,2018,2019
Nikola Mirotic ,12500000,2018,2019
Miles Plumlee ,12400000,2018,2019
Tyreke Evans ,12400000,2018,2019
Courtney Lee ,12253780,2018,2019
JJ Redick ,12250000,2018,2019
Kemba Walker ,12000000,2018,2019
Kentavious Caldwell-Pope ,12000000,2018,2019
Avery Bradley ,12000000,2018,2019
Will Barton ,11830358,2018,2019
TJ Warren ,11750000,2018,2019
Zach Randolph ,11692308,2018,2019
Patrick Mills ,11571429,2018,2019
Alec Burks ,11536515,2018,2019
Omer Asik ,11286516,2018,2019
Marcus Smart ,11160716,2018,2019
Jusuf Nurkic ,11111111,2018,2019
Iman Shumpert ,11011234,2018,2019
Moe Harkless ,10837079,2018,2019
Tony Snell ,10607143,2018,2019
Dante Exum ,10600000,2018,2019
Meyers Leonard ,10595506,2018,2019
John Henson ,10577466,2018,2019
Bojan Bogdanovic ,10500000,2018,2019
Mirza Teletovic ,10500000,2018,2019
Terrence Ross ,10500000,2018,2019
Robert Covington ,10464092,2018,2019
Rudy Gay ,10087200,2018,2019
Jon Leuer ,10002681,2018,2019
Darren Collison ,10000000,2018,2019
Andre Roberson ,10000000,2018,2019
Danny Green ,10000000,2018,2019
Dwight Powell ,9631250,2018,2019
Matthew Dellavedova ,9607500,2018,2019
Jared Dudley ,9530000,2018,2019
Boban Marjanovic ,9490740,2018,2019
Josh Richardson ,9367200,2018,2019
Norman Powell ,9367200,2018,2019
Markieff Morris ,9173294,2018,2019
Rajon Rondo ,9000000,2018,2019
Bogdan Bogdanovic ,9000000,2018,2019
E'Twaun Moore ,8808685,2018,2019
Kosta Koufos ,8739500,2018,2019
Fred VanVleet ,8653847,2018,2019
Wayne Ellington ,8653076,2018,2019
Kyle Anderson ,8641000,2018,2019
Julius Randle ,8641000,2018,2019
Jerryd Bayless ,8575916,2018,2019
Cristiano Felicio ,8470980,2018,2019
Markelle Fultz ,8339880,2018,2019
Joe Harris ,8333333,2018,2019
CJ Miles ,8333333,2018,2019
Jerami Grant ,8333333,2018,2019
Shaun Livingston ,8307692,2018,2019
Deandre Ayton ,8175840,2018,2019
JaMychal Green ,8066667,2018,2019
Louis Williams ,8000000,2018,2019
Garrett Temple ,8000000,2018,2019
PJ Tucker ,7959537,2018,2019
Cory Joseph ,7945000,2018,2019
Karl-Anthony Towns ,7839435,2018,2019
Kyle Korver ,7560000,2018,2019
Darrell Arthur ,7464912,2018,2019
Lonzo Ball ,7461960,2018,2019
Doug McDermott ,7333334,2018,2019
Marvin Bagley ,7314960,2018,2019
Jae Crowder ,7305825,2018,2019
DJ Augustin ,7250000,2018,2019
Lance Thomas ,7119650,2018,2019
D'Angelo Russell ,7019698,2018,2019
Jeremy Lamb ,7000000,2018,2019
Langston Galloway ,7000000,2018,2019
Ersan Ilyasova ,7000000,2018,2019
Davis Bertans ,7000000,2018,2019
Al-Farouq Aminu ,6957105,2018,2019
Jayson Tatum ,6700800,2018,2019
Luka Doncic ,6569040,2018,2019
Mario Hezonja ,6500000,2018,2019
Nemanja Bjelica ,6500000,2018,2019
Ben Simmons ,6434520,2018,2019
Dewayne Dedmon ,6300000,2018,2019
Milos Teodosic ,6300000,2018,2019
Marco Belinelli ,6153846,2018,2019
Wesley Johnson ,6134000,2018,2019
Josh Jackson ,6041520,2018,2019
Ishmael Smith ,6000000,2018,2019
Montrezl Harrell ,6000000,2018,2019
Jonathon Simmons ,6000000,2018,2019
Jaren Jackson Jr ,5922720,2018,2019
Brandon Ingram ,5757120,2018,2019
Anthony Tolliver ,5750000,2018,2019
Kristaps Porzingis ,5697054,2018,2019
Deron Williams ,5474787,2018,2019
De'Aaron Fox ,5470920,2018,2019
Ben McLemore ,5460000,2018,2019
Patrick Patterson ,5451600,2018,2019
Jason Smith ,5450000,2018,2019
Marcus Morris ,5375000,2018,2019
Trae Young ,5363280,2018,2019
DeMarcus Cousins ,5337000,2018,2019
Josh Smith ,5331729,2018,2019
Alexis Ajinca ,5285394,2018,2019
Thabo Sefolosha ,5250000,2018,2019
Aron Baynes ,5193600,2018,2019
Jaylen Brown ,5169960,2018,2019
Patrick Beverley ,5027028,2018,2019
Tony Parker ,5000000,2018,2019
Dirk Nowitzki ,5000000,2018,2019
Mike Muscala ,5000000,2018,2019
Jonathan Isaac ,4969080,2018,2019
Mo Bamba ,4871280,2018,2019
Jamal Crawford ,4698113,2018,2019
Ron Baker ,4697823,2018,2019
Willie Cauley-Stein ,4696874,2018,2019
Dragan Bender ,4661280,2018,2019
Lauri Markkanen ,4536120,2018,2019
Justin Holiday ,4500000,2018,2019
Ed Davis ,4449000,2018,2019
Kyle O'Quinn ,4449000,2018,2019
Lance Stephenson ,4449000,2018,2019
Wendell Carter ,4446840,2018,2019
Alex Len ,4350000,2018,2019
Luc Mbah a Moute ,4320500,2018,2019
Mike Scott ,4320500,2018,2019
Emmanuel Mudiay ,4294479,2018,2019
Kris Dunn ,4221000,2018,2019
Frank Ntilikina ,4155720,2018,2019
Glenn Robinson III ,4075000,2018,2019
Collin Sexton ,4073760,2018,2019
Al Jefferson ,4000000,2018,2019
Stanley Johnson ,3940401,2018,2019
Buddy Hield ,3833760,2018,2019
Dennis Smith ,3819960,2018,2019
Jodie Meeks ,3774176,2018,2019
Kevin Knox ,3744840,2018,2019
Jose Juan Barea ,3710850,2018,2019
Alex Abrines ,3667645,2018,2019
Nenê ,3651480,2018,2019
Zach Collins ,3628920,2018,2019
Frank Kaminsky ,3627842,2018,2019
Mikal Bridges ,3557400,2018,2019
Michael Beasley ,3500000,2018,2019
Jamal Murray ,3499800,2018,2019
Rodney Hood ,3472887,2018,2019
Justise Winslow ,3448926,2018,2019
Malik Monk ,3447480,2018,2019
Cameron Payne ,3440356,2018,2019
Brook Lopez ,3382000,2018,2019
Allonzo Trier ,3382000,2018,2019
Shai Gilgeous-Alexander ,3375360,2018,2019
Trey Lyles ,3364249,2018,2019
Ekpe Udoh ,3360000,2018,2019
Devin Booker ,3314365,2018,2019
Myles Turner ,3294994,2018,2019
Luke Kennard ,3275280,2018,2019
Troy Daniels ,3258539,2018,2019
Kelly Oubre ,3208630,2018,2019
Miles Bridges ,3206640,2018,2019
Marquese Chriss ,3206160,2018,2019
Tomas Satoransky ,3129187,2018,2019
Bryn Forbes ,3125000,2018,2019
Donovan Mitchell ,3111480,2018,2019
Terry Rozier ,3050389,2018,2019
Jerome Robinson ,3050160,2018,2019
Elfrid Payton ,3000000,2018,2019
Yogi Ferrell ,3000000,2018,2019
Bam Adebayo ,2955840,2018,2019
Jakob Poeltl ,2947320,2018,2019
Michael Porter ,2894160,2018,2019
Andrew Nicholson ,2844429,2018,2019
Justin Jackson ,2807880,2018,2019
Thon Maker ,2799720,2018,2019
Seth Curry ,2795000,2018,2019
Cedi Osman ,2775000,2018,2019
Sam Dekker ,2760094,2018,2019
Troy Brown ,2752680,2018,2019
Guerschon Yabusele ,2667600,2018,2019
Justin Patton ,2667600,2018,2019
Domantas Sabonis ,2659800,2018,2019
Jerian Grant ,2639313,2018,2019
Zhaire Smith ,2615160,2018,2019
Corey Brewer ,2559925,2018,2019
Delon Wright ,2536898,2018,2019
DJ Wilson ,2534280,2018,2019
Taurean Prince ,2526840,2018,2019
Dario Saric ,2526840,2018,2019
Justin Anderson ,2516047,2018,2019
Shelvin Mack ,2512601,2018,2019
Reggie Bullock ,2500000,2018,2019
Manu Ginobili ,2500000,2018,2019
Bobby Portis ,2494346,2018,2019
Dante Cunningham ,2487000,2018,2019
Donte DiVincenzo ,2484360,2018,2019
Rondae Hollis-Jefferson ,2470356,2018,2019
Tyus Jones ,2444052,2018,2019
Jarell Martin ,2416221,2018,2019
Greg Monroe ,2410167,2018,2019
TJ Leaf ,2407560,2018,2019
Georgios Papagiannis ,2400480,2018,2019
Vince Carter ,2393887,2018,2019
Carmelo Anthony ,2393887,2018,2019
Channing Frye ,2393887,2018,2019
Devin Harris ,2393887,2018,2019
Jose Calderon ,2393887,2018,2019
Zaza Pachulia ,2393887,2018,2019
JaVale McGee ,2393887,2018,2019
Udonis Haslem ,2393887,2018,2019
Dwyane Wade ,2393887,2018,2019
Raymond Felton ,2393887,2018,2019
Amir Johnson ,2393887,2018,2019
Jeff Green ,2393887,2018,2019
Lonnie Walker ,2360160,2018,2019
John Collins ,2299080,2018,2019
Denzel Valentine ,2280600,2018,2019
Larry Nance Jr ,2272390,2018,2019
Kevin Huerter ,2250960,2018,2019
Monta Ellis ,2245400,2018,2019
Harry Giles ,2207040,2018,2019
Darius Miller ,2205000,2018,2019
Henry Ellenson ,2199311,2018,2019
Omri Casspi ,2176260,2018,2019
Derrick Rose ,2176260,2018,2019
Juan Hernangomez ,2166360,2018,2019
Jonas Jerebko ,2165481,2018,2019
Quincy Pondexter ,2165481,2018,2019
Josh Okogie ,2163600,2018,2019
Nik Stauskas ,2161886,2018,2019
Terrance Ferguson ,2118840,2018,2019
Raul Neto ,2100000,2018,2019
Salah Mejri ,2098196,2018,2019
Grayson Allen ,2076960,2018,2019
Jarrett Allen ,2034120,2018,2019
Isaiah Thomas ,2029463,2018,2019
Spencer Hawes ,2007058,2018,2019
Torrey Craig ,2000000,2018,2019
Cole Aldrich ,2000000,2018,2019
Chandler Hutchison ,1991520,2018,2019
Ante Zizic ,1952760,2018,2019
OG Anunoby ,1952760,2018,2019
Shabazz Napier ,1942422,2018,2019
Aaron Holiday ,1914480,2018,2019
Timothe Luwawu ,1880268,2018,2019
Tyler Lydon ,1874640,2018,2019
Anfernee Simons ,1837800,2018,2019
Tim Frazier ,1832107,2018,2019
Trey Burke ,1795015,2018,2019
Malik Beasley ,1773840,2018,2019
Moritz Wagner ,1764240,2018,2019
Ian Clark ,1757429,2018,2019
Nerlens Noel ,1757429,2018,2019
Deyonta Davis ,1741503,2018,2019
Furkan Korkmaz ,1740000,2018,2019
Caleb Swanigan ,1740000,2018,2019
Landry Shamet ,1705920,2018,2019
Caris LeVert ,1702800,2018,2019
Rodions Kurucs ,1690000,2018,2019
Jonah Bolden ,1690000,2018,2019
Kyle Kuzma ,1689840,2018,2019
Tony Bradley ,1679520,2018,2019
Derrick White ,1667160,2018,2019
Kyle Singler ,1665333,2018,2019
Robert Williams ,1656600,2018,2019
Spencer Dinwiddie ,1656092,2018,2019
MarShon Brooks ,1656092,2018,2019
Josh Hart ,1655160,2018,2019
Jacob Evans ,1646400,2018,2019
Pat Connaughton ,1641000,2018,2019
DeAndre Bembry ,1634640,2018,2019
Dzanan Musa ,1634400,2018,2019
Omari Spellman ,1622520,2018,2019
Noah Vonleh ,1621415,2018,2019
James Ennis ,1621415,2018,2019
Luke Kornet ,1619260,2018,2019
TJ McConnell ,1600520,2018,2019
Richaun Holmes ,1600520,2018,2019
Malachi Richardson ,1569360,2018,2019
Kevon Looney ,1567007,2018,2019
Jahlil Okafor ,1567007,2018,2019
Wayne Selden ,1544951,2018,2019
Dorian Finney-Smith ,1544951,2018,2019
Damian Jones ,1544951,2018,2019
Quinn Cook ,1544951,2018,2019
Wade Baldwin ,1544951,2018,2019
Ivica Zubac ,1544951,2018,2019
Rodney McGruder ,1544951,2018,2019
Malcolm Brogdon ,1544951,2018,2019
Cheick Diallo ,1544951,2018,2019
Jake Layman ,1544951,2018,2019
Skal Labissiere ,1544951,2018,2019
Dejounte Murray ,1544951,2018,2019
Pascal Siakam ,1544951,2018,2019
Treveon Graham ,1512601,2018,2019
David Nwaba ,1512601,2018,2019
Gerald Green ,1512601,2018,2019
Derrick Jones ,1512601,2018,2019
Christian Wood ,1512601,2018,2019
Georges Niang ,1512601,2018,2019
Willy Hernangomez ,1496500,2018,2019
Sviatoslav Mykhailiuk ,1487694,2018,2019
Mitchell Robinson ,1485440,2018,2019
Michael Carter-Williams ,1468082,2018,2019
Jawun Evans ,1455492,2018,2019
Semi Ojeleye ,1378242,2018,2019
Daniel Theis ,1378242,2018,2019
Dwayne Bacon ,1378242,2018,2019
Maxi Kleber ,1378242,2018,2019
Jordan Bell ,1378242,2018,2019
Zhou Qi ,1378242,2018,2019
Sindarius Thornwell ,1378242,2018,2019
Rade Zagorac ,1378242,2018,2019
Dillon Brooks ,1378242,2018,2019
Ivan Rabb ,1378242,2018,2019
Tyler Dorsey ,1378242,2018,2019
Sterling Brown ,1378242,2018,2019
Frank Jackson ,1378242,2018,2019
Damyean Dotson ,1378242,2018,2019
Abdel Nader ,1378242,2018,2019
Wesley Iwundu ,1378242,2018,2019
Khem Birch ,1378242,2018,2019
Frank Mason ,1378242,2018,2019
Royce O'Neale ,1378242,2018,2019
Thomas Bryant ,1378242,2018,2019
Daniel Hamilton ,1349383,2018,2019
Jabari Bird ,1349383,2018,2019
Antonio Blakeney ,1349383,2018,2019
Ryan Arcidiacono ,1349383,2018,2019
Monte Morris ,1349383,2018,2019
Alfonzo McKinnie ,1349383,2018,2019
Ike Anigbogu ,1349383,2018,2019
Tyrone Wallace ,1349383,2018,2019
Shaquille Harrison ,1325531,2018,2019
Elie Okobo ,1238464,2018,2019
Jalen Brunson ,1230000,2018,2019
Melvin Frazier ,1050000,2018,2019
Raymond Spalding ,1023210,2018,2019
Isaac Bonga ,1000000,2018,2019
Justin Hamilton ,1000000,2018,2019
Devonte Graham ,988464,2018,2019
Chasson Randle ,975824,2018,2019
Patrick McCaw ,964104,2018,2019
De'Anthony Melton ,949000,2018,2019
Jason Thompson ,893333,2018,2019
Brad Wanamaker ,838464,2018,2019
Ryan Broekhoff ,838464,2018,2019
Jarred Vanderbilt ,838464,2018,2019
Bruce Brown ,838464,2018,2019
Khyri Thomas ,838464,2018,2019
Isaiah Hartenstein ,838464,2018,2019
Alize Johnson ,838464,2018,2019
Jevon Carter ,838464,2018,2019
Keita Bates-Diop ,838464,2018,2019
Kenrich Williams ,838464,2018,2019
Hamidou Diallo ,838464,2018,2019
Isaiah Briscoe ,838464,2018,2019
Gary Trent Jr ,838464,2018,2019
Chimezie Metu ,838464,2018,2019
Lorenzo Brown ,800000,2018,2019
Davon Reed ,752250,2018,2019
Isaiah Canaan ,744671,2018,2019
Isaiah Whitehead ,726390,2018,2019
Bruno Caboclo ,705361,2018,2019
Gary Clark ,674122,2018,2019
James Nunnally ,663255,2018,2019
Kalin Lucas ,648008,2018,2019
John Jenkins ,585809,2018,2019
Deonte Burton ,500000,2018,2019
Andrew Bogut ,486892,2018,2019
Dakari Johnson ,459414,2018,2019
Chris Boucher ,457418,2018,2019
Malcolm Miller ,457418,2018,2019
Edmond Sumner ,449794,2018,2019
Yante Maten ,385000,2018,2019
Andrew Harrison ,354500,2018,2019
Eric Moreland ,309859,2018,2019
Nick Young ,284020,2018,2019
Danuel House ,247827,2018,2019
Okaro White ,247827,2018,2019
Jaylen Adams ,236854,2018,2019
Ben Moore ,222099,2018,2019
Tyler Zeller ,213948,2018,2019
Quincy Acy ,213948,2018,2019
Terrence Jones ,198579,2018,2019
Jimmer Fredette ,198579,2018,2019
Dairis Bertans ,194220,2018,2019
Walter Lemon Jr ,176250,2018,2019
Demetrius Jackson ,170107,2018,2019
BJ Johnson ,142111,2018,2019
Chris Chiozza ,137374,2018,2019
Johnathan Williams ,127250,2018,2019
Cam Reynolds ,108953,2018,2019
Donatas Motiejunas ,99289,2018,2019
Emanuel Terry ,94740,2018,2019
Justin Bibbs ,92159,2018,2019
JaKarr Sampson ,85457,2018,2019
Gary Payton II ,85457,2018,2019
Alex Poythress ,77250,2018,2019
PJ Dozier ,77250,2018,2019
RJ Hunter ,77250,2018,2019
Theo Pinson ,77250,2018,2019
Alan Williams ,77250,2018,2019
JP Macura ,77250,2018,2019
Joe Chealey ,77250,2018,2019
Rawle Alkins ,77250,2018,2019
Tyler Ulis ,77250,2018,2019
Brandon Sampson ,77250,2018,2019
John Holland ,77250,2018,2019
Billy Preston ,77250,2018,2019
Jaron Blossomgame ,77250,2018,2019
Jalen Jones ,77250,2018,2019
Deng Adel ,77250,2018,2019
Kostas Antetokounmpo ,77250,2018,2019
Daryl Macon ,77250,2018,2019
Thomas Welsh ,77250,2018,2019
DeVaughn Akoon-Purcell ,77250,2018,2019
Archie Goodwin ,77250,2018,2019
Keenan Evans ,77250,2018,2019
Zach Lofton ,77250,2018,2019
Damion Lee ,77250,2018,2019
Marcus Derrickson ,77250,2018,2019
Vincent Edwards ,77250,2018,2019
Trevon Duval ,77250,2018,2019
Angel Delgado ,77250,2018,2019
Johnathan Motley ,77250,2018,2019
Alex Caruso ,77250,2018,2019
Yuta Watanabe ,77250,2018,2019
DJ Stephens ,77250,2018,2019
Jarnell Stokes ,77250,2018,2019
Julian Washburn ,77250,2018,2019
Duncan Robinson ,77250,2018,2019
Jaylen Morris ,77250,2018,2019
Bonzie Colson ,77250,2018,2019
Jared Terrell ,77250,2018,2019
CJ Williams ,77250,2018,2019
Trevon Bluiett ,77250,2018,2019
Isaiah Hicks ,77250,2018,2019
Kadeem Allen ,77250,2018,2019
Tyler Davis ,77250,2018,2019
Donte Grantham ,77250,2018,2019
Troy Caupain ,77250,2018,2019
Amile Jefferson ,77250,2018,2019
Shake Milton ,77250,2018,2019
Haywood Highsmith ,77250,2018,2019
George King ,77250,2018,2019
Troy Williams ,77250,2018,2019
Drew Eubanks ,77250,2018,2019
Jordan Loyd ,77250,2018,2019
Naz Long ,77250,2018,2019
Tyler Cavanaugh ,77250,2018,2019
Devin Robinson ,77250,2018,2019
Jordan McRae ,77250,2018,2019
Jonathan Gibson ,76236,2018,2019
Kobi Simmons ,76236,2018,2019
Andre Ingram ,76236,2018,2019
Scott Machado ,76236,2018,2019
Charles Cooke ,76236,2018,2019
Scotty Hopson ,76236,2018,2019
Wenyen Gabriel ,75000,2018,2019
Billy Garrett ,67370,2018,2019
Brandon Goodwin ,56845,2018,2019
Mitch Creek ,56845,2018,2019
Jemerrio Jones ,52170,2018,2019
Jordan Sibert ,47370,2018,2019
Isaac Humphries ,47370,2018,2019
Mitchell Creek ,47370,2018,2019
Tahjere McCall ,47370,2018,2019
Michael Frazier ,47370,2018,2019
Stephan Hicks ,47370,2018,2019
Dusty Hannahs ,47370,2018,2019
Kendrick Nunn ,47370,2018,2019
Richard Solomon ,47370,2018,2019
Cody Demps ,47370,2018,2019
Tarik Phillip ,47370,2018,2019
Stephen Curry ,40231758,2019,2020
Russell Westbrook ,38506482,2019,2020
Chris Paul ,38506482,2019,2020
James Harden ,38199000,2019,2020
John Wall ,38199000,2019,2020
LeBron James ,37436858,2019,2020
Kevin Durant ,37199000,2019,2020
Blake Griffin ,34449964,2019,2020
Kyle Lowry ,33296296,2019,2020
Paul George ,33005556,2019,2020
Kemba Walker ,32742000,2019,2020
Klay Thompson ,32742000,2019,2020
Kawhi Leonard ,32742000,2019,2020
Jimmy Butler ,32742000,2019,2020
Tobias Harris ,32742000,2019,2020
Gordon Hayward ,32700690,2019,2020
Mike Conley ,32511623,2019,2020
Kyrie Irving ,31742000,2019,2020
Khris Middleton ,30603448,2019,2020
Paul Millsap ,30350000,2019,2020
Damian Lillard ,29802321,2019,2020
Kevin Love ,28942830,2019,2020
Nikola Vucevic ,28000000,2019,2020
Al Horford ,28000000,2019,2020
DeMar DeRozan ,27739975,2019,2020
CJ McCollum ,27556959,2019,2020
Nikola Jokic ,27504630,2019,2020
Andrew Wiggins ,27504630,2019,2020
Joel Embiid ,27504630,2019,2020
Kristaps Porzingis ,27285000,2019,2020
D'Angelo Russell ,27285000,2019,2020
Karl-Anthony Towns ,27285000,2019,2020
Devin Booker ,27285000,2019,2020
Otto Porter ,27250576,2019,2020
Anthony Davis ,27093019,2019,2020
Andre Drummond ,27093018,2019,2020
Hassan Whiteside ,27093018,2019,2020
Bradley Beal ,27093018,2019,2020
Jrue Holiday ,26131111,2019,2020
LaMarcus Aldridge ,26000000,2019,2020
Giannis Antetokounmpo ,25842697,2019,2020
Steven Adams ,25842697,2019,2020
Marc Gasol ,25595700,2019,2020
Nicolas Batum ,25565217,2019,2020
Rudy Gobert ,25258427,2019,2020
Chandler Parsons ,25102512,2019,2020
Harrison Barnes ,24147727,2019,2020
Serge Ibaka ,23271604,2019,2020
Danilo Gallinari ,22615559,2019,2020
Victor Oladipo ,21000000,2019,2020
Tim Hardaway Jr ,20025127,2019,2020
Malcolm Brogdon ,20000000,2019,2020
Terry Rozier ,19894737,2019,2020
Aaron Gordon ,19863636,2019,2020
Zach LaVine ,19500000,2019,2020
Kent Bazemore ,19269663,2019,2020
Goran Dragic ,19217900,2019,2020
Jeff Teague ,19000000,2019,2020
Evan Turner ,18606556,2019,2020
Tristan Thompson ,18539130,2019,2020
Draymond Green ,18539130,2019,2020
Gary Harris ,18189286,2019,2020
Myles Turner ,18000000,2019,2020
Julius Randle ,18000000,2019,2020
Derrick Favors ,17650000,2019,2020
Andre Iguodala ,17185185,2019,2020
Evan Fournier ,17150000,2019,2020
Bismack Biyombo ,17000000,2019,2020
Bojan Bogdanovic ,17000000,2019,2020
Clint Capela ,16896552,2019,2020
Gorgui Dieng ,16229213,2019,2020
Ricky Rubio ,16200000,2019,2020
Jonas Valanciunas ,16000000,2019,2020
Brandon Knight ,15643750,2019,2020
Eric Bledsoe ,15625000,2019,2020
Kelly Oubre ,15625000,2019,2020
Dennis Schroeder ,15500000,2019,2020
Ian Mahinmi ,15450051,2019,2020
James Johnson ,15349400,2019,2020
Marcus Morris ,15000000,2019,2020
Bobby Portis ,15000000,2019,2020
Danny Green ,14634147,2019,2020
Rudy Gay ,14500000,2019,2020
Cody Zeller ,14471910,2019,2020
Eric Gordon ,14057730,2019,2020
Mason Plumlee ,14041096,2019,2020
JJ Redick ,13486300,2019,2020
Jordan Clarkson ,13437500,2019,2020
Dewayne Dedmon ,13333334,2019,2020
Solomon Hill ,13290395,2019,2020
Justise Winslow ,13000000,2019,2020
Thaddeus Young ,12900000,2019,2020
Will Barton ,12776786,2019,2020
Courtney Lee ,12759670,2019,2020
Larry Nance Jr ,12727273,2019,2020
Patrick Mills ,12678571,2019,2020
Kelly Olynyk ,12667885,2019,2020
Marcus Smart ,12553571,2019,2020
Terrence Ross ,12500000,2019,2020
Patrick Beverley ,12345680,2019,2020
Trevor Ariza ,12200000,2019,2020
Brook Lopez ,12093024,2019,2020
Jusuf Nurkic ,12000000,2019,2020
Cory Joseph ,12000000,2019,2020
Joe Ingles ,11454546,2019,2020
Tony Snell ,11392857,2019,2020
Robert Covington ,11301219,2019,2020
Meyers Leonard ,11286515,2019,2020
TJ Warren ,11060000,2019,2020
Moe Harkless ,11011234,2019,2020
Andre Roberson ,10740740,2019,2020
Spencer Dinwiddie ,10605600,2019,2020
Jeremy Lamb ,10500000,2019,2020
Dwight Powell ,10259375,2019,2020
George Hill ,10133907,2019,2020
Josh Richardson ,10116576,2019,2020
Norman Powell ,10116576,2019,2020
Tyus Jones ,10116000,2019,2020
Tomas Satoransky ,10000000,2019,2020
DeAndre Jordan ,9881598,2019,2020
Zion Williamson ,9757440,2019,2020
Markelle Fultz ,9745200,2019,2020
John Henson ,9732396,2019,2020
Matthew Dellavedova ,9607500,2019,2020
Dante Exum ,9600000,2019,2020
Deandre Ayton ,9562920,2019,2020
Delon Wright ,9473684,2019,2020
Jerami Grant ,9346153,2019,2020
Fred VanVleet ,9346153,2019,2020
Al-Farouq Aminu ,9258000,2019,2020
Kyle Anderson ,9073050,2019,2020
Taj Gibson ,9000000,2019,2020
Ja Morant ,8730240,2019,2020
Lonzo Ball ,8719320,2019,2020
E'Twaun Moore ,8664928,2019,2020
Marvin Bagley ,8556120,2019,2020
Bogdan Bogdanovic ,8529386,2019,2020
PJ Tucker ,8349039,2019,2020
Cristiano Felicio ,8156500,2019,2020
Kentavious Caldwell-Pope ,8139282,2019,2020
Ben Simmons ,8113929,2019,2020
Maxi Kleber ,8000000,2019,2020
Louis Williams ,8000000,2019,2020
Elfrid Payton ,8000000,2019,2020
Wayne Ellington ,8000000,2019,2020
Thomas Bryant ,8000000,2019,2020
RJ Barrett ,7839960,2019,2020
Jayson Tatum ,7830000,2019,2020
Jae Crowder ,7815533,2019,2020
Luka Doncic ,7683360,2019,2020
Joe Harris ,7666667,2019,2020
Seth Curry ,7461380,2019,2020
DeMarre Carroll ,7339258,2019,2020
Langston Galloway ,7333333,2019,2020
Doug McDermott ,7333333,2019,2020
Derrick Rose ,7317074,2019,2020
Brandon Ingram ,7265485,2019,2020
Darius Miller ,7250000,2019,2020
DJ Augustin ,7250000,2019,2020
De'Andre Hunter ,7068360,2019,2020
Josh Jackson ,7059480,2019,2020
Ersan Ilyasova ,7000000,2019,2020
Davis Bertans ,7000000,2019,2020
Jaren Jackson Jr ,6927480,2019,2020
Nemanja Bjelica ,6825000,2019,2020
Jaylen Brown ,6534829,2019,2020
Jabari Parker ,6500000,2019,2020
Ivica Zubac ,6481482,2019,2020
Darius Garland ,6400920,2019,2020
De'Aaron Fox ,6392760,2019,2020
Trae Young ,6273000,2019,2020
Montrezl Harrell ,6000000,2019,2020
Ishmael Smith ,6000000,2019,2020
Marco Belinelli ,5846154,2019,2020
Jarrett Culver ,5813640,2019,2020
Jonathan Isaac ,5806440,2019,2020
Rodney Hood ,5718000,2019,2020
Mo Bamba ,5697600,2019,2020
Trey Lyles ,5500000,2019,2020
Aron Baynes ,5453280,2019,2020
Kris Dunn ,5348007,2019,2020
Coby White ,5307120,2019,2020
Lauri Markkanen ,5300400,2019,2020
Wendell Carter ,5201400,2019,2020
Daniel Theis ,5000000,2019,2020
Luol Deng ,5000000,2019,2020
Jaxson Hayes ,4862040,2019,2020
Buddy Hield ,4861207,2019,2020
Frank Ntilikina ,4855800,2019,2020
Rodney McGruder ,4807693,2019,2020
Enes Kanter ,4767000,2019,2020
Garrett Temple ,4767000,2019,2020
Justin Holiday ,4767000,2019,2020
JaMychal Green ,4767000,2019,2020
Avery Bradley ,4767000,2019,2020
Robin Lopez ,4767000,2019,2020
Mike Scott ,4767000,2019,2020
Frank Kaminsky ,4767000,2019,2020
Richaun Holmes ,4767000,2019,2020
Ed Davis ,4767000,2019,2020
Collin Sexton ,4764960,2019,2020
Rui Hachimura ,4469160,2019,2020
Kevon Looney ,4464286,2019,2020
Dennis Smith ,4463640,2019,2020
Jamal Murray ,4444746,2019,2020
Kevin Knox ,4380120,2019,2020
Cam Reddish ,4245720,2019,2020
Zach Collins ,4240200,2019,2020
Mikal Bridges ,4161000,2019,2020
Alex Len ,4160000,2019,2020
Nicolo Melli ,4102564,2019,2020
Cameron Johnson ,4033440,2019,2020
Malik Monk ,4028400,2019,2020
Dorian Finney-Smith ,4000000,2019,2020
JaVale McGee ,4000000,2019,2020
Reggie Bullock ,4000000,2019,2020
Patrick McCaw ,4000000,2019,2020
Shai Gilgeous-Alexander ,3952920,2019,2020
PJ Washington ,3831840,2019,2020
Luke Kennard ,3827160,2019,2020
Miles Bridges ,3755400,2019,2020
Jakob Poeltl ,3754885,2019,2020
Tyler Herro ,3640200,2019,2020
Donovan Mitchell ,3635760,2019,2020
Stanley Johnson ,3623000,2019,2020
Jake Layman ,3581986,2019,2020
Thon Maker ,3569643,2019,2020
Jerome Robinson ,3567720,2019,2020
Danuel House ,3540000,2019,2020
Domantas Sabonis ,3529554,2019,2020
Boban Marjanovic ,3500000,2019,2020
TJ McConnell ,3500000,2019,2020
DeMarcus Cousins ,3500000,2019,2020
Taurean Prince ,3481985,2019,2020
Dario Saric ,3481985,2019,2020
Romeo Langford ,3458400,2019,2020
Bam Adebayo ,3454080,2019,2020
Michael Porter ,3389400,2019,2020
Denzel Valentine ,3377568,2019,2020
Juan Hernangomez ,3321029,2019,2020
Sekou Doumbouya ,3285120,2019,2020
Justin Jackson ,3280920,2019,2020
Troy Brown ,3219480,2019,2020
Yogi Ferrell ,3150000,2019,2020
Zhaire Smith ,3058800,2019,2020
Ryan Arcidiacono ,3000000,2019,2020
Quinn Cook ,3000000,2019,2020
Khem Birch ,3000000,2019,2020
Nickeil Alexander-Walker ,2964840,2019,2020
DJ Wilson ,2961120,2019,2020
Cedi Osman ,2907143,2019,2020
Donte DiVincenzo ,2905800,2019,2020
Bryn Forbes ,2875000,2019,2020
Goga Bitadze ,2816760,2019,2020
TJ Leaf ,2813280,2019,2020
Lonnie Walker ,2764200,2019,2020
Alex Caruso ,2750000,2019,2020
Malik Beasley ,2731713,2019,2020
Luka Samanic ,2689920,2019,2020
John Collins ,2686560,2019,2020
Kevin Huerter ,2636280,2019,2020
Caris LeVert ,2625717,2019,2020
Marko Guduric ,2625000,2019,2020
DeAndre Bembry ,2603981,2019,2020
Matisse Thybulle ,2582160,2019,2020
Harry Giles ,2578800,2019,2020
Vince Carter ,2564753,2019,2020
Wilson Chandler ,2564753,2019,2020
Jose Juan Barea ,2564753,2019,2020
Thabo Sefolosha ,2564753,2019,2020
Tyson Chandler ,2564753,2019,2020
Dwight Howard ,2564753,2019,2020
Rajon Rondo ,2564753,2019,2020
Jared Dudley ,2564753,2019,2020
Udonis Haslem ,2564753,2019,2020
Kyle Korver ,2564753,2019,2020
Wesley Matthews ,2564753,2019,2020
Josh Okogie ,2530680,2019,2020
Vincent Poirier ,2505793,2019,2020
Rondae Hollis-Jefferson ,2500000,2019,2020
Brandon Clarke ,2478840,2019,2020
Terrance Ferguson ,2475840,2019,2020
Grayson Allen ,2429400,2019,2020
Alfonzo McKinnie ,2391985,2019,2020
Grant Williams ,2379840,2019,2020
Jarrett Allen ,2376840,2019,2020
Pascal Siakam ,2351838,2019,2020
Skal Labissiere ,2338846,2019,2020
Chandler Hutchison ,2332320,2019,2020
Patrick Patterson ,2331593,2019,2020
Dejounte Murray ,2321735,2019,2020
Alec Burks ,2320044,2019,2020
Damian Jones ,2305057,2019,2020
Darius Bazley ,2284800,2019,2020
Ante Zizic ,2281800,2019,2020
OG Anunoby ,2281800,2019,2020
Markieff Morris ,2259887,2019,2020
Luke Kornet ,2250000,2019,2020
Aaron Holiday ,2239200,2019,2020
Ty Jerome ,2193480,2019,2020
Willie Cauley-Stein ,2177483,2019,2020
Kyle O'Quinn ,2174318,2019,2020
Austin Rivers ,2174310,2019,2020
Carmelo Anthony ,2159029,2019,2020
Anfernee Simons ,2149560,2019,2020
Nassir Little ,2105520,2019,2020
Moritz Wagner ,2063520,2019,2020
Dylan Windler ,2035800,2019,2020
Caleb Swanigan ,2033160,2019,2020
Ben McLemore ,2028594,2019,2020
Mike Muscala ,2028594,2019,2020
Michael Carter-Williams ,2028594,2019,2020
Noah Vonleh ,2000000,2019,2020
Torrey Craig ,2000000,2019,2020
Edmond Sumner ,2000000,2019,2020
Landry Shamet ,1995120,2019,2020
Mfiondu Kabengele ,1977000,2019,2020
Kyle Kuzma ,1974600,2019,2020
Jordan Poole ,1964760,2019,2020
Tony Bradley ,1962360,2019,2020
Keldon Johnson ,1950600,2019,2020
Derrick White ,1948080,2019,2020
Robert Williams ,1937520,2019,2020
Josh Hart ,1934160,2019,2020
Jacob Evans ,1925880,2019,2020
Dzanan Musa ,1911600,2019,2020
Omari Spellman ,1897800,2019,2020
Nerlens Noel ,1882867,2019,2020
James Ennis ,1882867,2019,2020
Glenn Robinson III ,1882867,2019,2020
Bruno Caboclo ,1845301,2019,2020
Shabazz Napier ,1845301,2019,2020
JR Smith ,1746470,2019,2020
JaKarr Sampson ,1737145,2019,2020
Raul Neto ,1737145,2019,2020
Mario Hezonja ,1737145,2019,2020
Emmanuel Mudiay ,1737145,2019,2020
Pat Connaughton ,1723050,2019,2020
Jahlil Okafor ,1702486,2019,2020
Rodions Kurucs ,1699236,2019,2020
Cheick Diallo ,1678854,2019,2020
Willy Hernangomez ,1676735,2019,2020
Treveon Graham ,1645357,2019,2020
Christian Wood ,1645357,2019,2020
Derrick Jones ,1645357,2019,2020
Georges Niang ,1645357,2019,2020
Shaquille Harrison ,1620564,2019,2020
Furkan Korkmaz ,1620564,2019,2020
Semi Ojeleye ,1618520,2019,2020
Dwayne Bacon ,1618520,2019,2020
Dillon Brooks ,1618520,2019,2020
Sterling Brown ,1618520,2019,2020
Frank Jackson ,1618520,2019,2020
Damyean Dotson ,1618520,2019,2020
Abdel Nader ,1618520,2019,2020
Wesley Iwundu ,1618520,2019,2020
Royce O'Neale ,1618520,2019,2020
Monte Morris ,1588231,2019,2020
Malcolm Miller ,1588231,2019,2020
Chris Boucher ,1588231,2019,2020
Mitchell Robinson ,1559712,2019,2020
Isaiah Roby ,1500000,2019,2020
Nigel Williams-Goss ,1500000,2019,2020
Brad Wanamaker ,1445697,2019,2020
Thanasis Antetokounmpo ,1445697,2019,2020
Theo Pinson ,1445697,2019,2020
Shake Milton ,1445697,2019,2020
Wenyen Gabriel ,1445697,2019,2020
Devonte Graham ,1416852,2019,2020
Jalen Brunson ,1416852,2019,2020
Keita Bates-Diop ,1416852,2019,2020
Sviatoslav Mykhailiuk ,1416852,2019,2020
Khyri Thomas ,1416852,2019,2020
Bruce Brown ,1416852,2019,2020
Alize Johnson ,1416852,2019,2020
De'Anthony Melton ,1416852,2019,2020
Kendrick Nunn ,1416852,2019,2020
Duncan Robinson ,1416852,2019,2020
Jarred Vanderbilt ,1416852,2019,2020
Kenrich Williams ,1416852,2019,2020
Hamidou Diallo ,1416852,2019,2020
Deonte Burton ,1416852,2019,2020
Melvin Frazier ,1416852,2019,2020
Ryan Broekhoff ,1416852,2019,2020
Jevon Carter ,1416852,2019,2020
Elie Okobo ,1416852,2019,2020
Gary Trent Jr ,1416852,2019,2020
Chimezie Metu ,1416852,2019,2020
Isaac Bonga ,1416852,2019,2020
Bruno Fernando ,1400000,2019,2020
Jaylen Nowell ,1400000,2019,2020
Kevin Porter ,1290960,2019,2020
Jordan McRae ,1254933,2019,2020
Carsen Edwards ,1228026,2019,2020
Cody Martin ,1173310,2019,2020
Gary Payton II ,1052909,2019,2020
Terance Mann ,1000000,2019,2020
Admiral Schofield ,1000000,2019,2020
David Nwaba ,903111,2019,2020
Javonte Green ,898310,2019,2020
Nicolas Claxton ,898310,2019,2020
Jalen McDaniels ,898310,2019,2020
Caleb Martin ,898310,2019,2020
Daniel Gafford ,898310,2019,2020
Vlatko Cancar ,898310,2019,2020
Alen Smailagic ,898310,2019,2020
Eric Paschall ,898310,2019,2020
Talen Horton-Tucker ,898310,2019,2020
KZ Okpala ,898310,2019,2020
Naz Reid ,898310,2019,2020
Ignas Brazdeikis ,898310,2019,2020
Jalen Lecque ,898310,2019,2020
DaQuan Jeffries ,898310,2019,2020
Justin James ,898310,2019,2020
Matt Thomas ,898310,2019,2020
Terence Davis ,898310,2019,2020
Dewan Hernandez ,898310,2019,2020
Miye Oni ,898310,2019,2020
Damion Lee ,842327,2019,2020
Jeff Green ,840427,2019,2020
Timothe Luwawu ,837583,2019,2020
Juwan Morgan ,746054,2019,2020
Gary Clark ,718765,2019,2020
Marvin Williams ,604278,2019,2020
Michael Kidd-Gilchrist ,595122,2019,2020
Rayjon Tucker ,578573,2019,2020
Chris Clemons ,563346,2019,2020
Brandon Goodwin ,522738,2019,2020
Reggie Jackson ,512721,2019,2020
Justin Patton ,483115,2019,2020
Anzejs Pasecniks ,482144,2019,2020
Chris Silva ,466918,2019,2020
Troy Daniels ,458439,2019,2020
Anthony Tolliver ,434704,2019,2020
Joakim Noah ,381360,2019,2020
Dion Waiters ,375385,2019,2020
Dean Wade ,375000,2019,2020
Ky Bowman ,350189,2019,2020
Juan Toscano-Anderson ,350189,2019,2020
Norvel Pelle ,350189,2019,2020
Jamal Crawford ,289803,2019,2020
Jordan Bell ,250000,2019,2020
Tyler Zeller ,245686,2019,2020
Trey Burke ,229220,2019,2020
Jontay Porter ,197933,2019,2020
Cameron Payne ,196288,2019,2020
Jerian Grant ,196288,2019,2020
Dragan Bender ,189700,2019,2020
Mychal Mulder ,187782,2019,2020
Tyler Johnson ,183115,2019,2020
PJ Dozier ,183115,2019,2020
Sindarius Thornwell ,183115,2019,2020
Corey Brewer ,183115,2019,2020
Joe Chealey ,163356,2019,2020
Jaylen Adams ,163356,2019,2020
Johnathan Williams ,161245,2019,2020
Luguentz Dort ,155647,2019,2020
Oshae Brissett ,129568,2019,2020
JP Macura ,106181,2019,2020
Donta Hall ,101504,2019,2020
Sheldon Mac ,91557,2019,2020
Chasson Randle ,91557,2019,2020
Jonah Bolden ,89846,2019,2020
Derrick Walton ,81678,2019,2020
Charlie Brown ,79568,2019,2020
Tacko Fall ,79568,2019,2020
Tremont Waters ,79568,2019,2020
Jeremiah Martin ,79568,2019,2020
Chris Chiozza ,79568,2019,2020
Raymond Spalding ,79568,2019,2020
Kobi Simmons ,79568,2019,2020
Max Strus ,79568,2019,2020
Adam Mokoka ,79568,2019,2020
Matt Mooney ,79568,2019,2020
Josh Reaves ,79568,2019,2020
Antonius Cleveland ,79568,2019,2020
Bol Bol ,79568,2019,2020
Tyler Cook ,79568,2019,2020
Jordan Bone ,79568,2019,2020
Louis King ,79568,2019,2020
Michael Frazier ,79568,2019,2020
William Howard ,79568,2019,2020
Naz Long ,79568,2019,2020
Brian Bowen ,79568,2019,2020
Johnathan Motley ,79568,2019,2020
Amir Coffey ,79568,2019,2020
Devontae Cacok ,79568,2019,2020
Kostas Antetokounmpo ,79568,2019,2020
John Konchar ,79568,2019,2020
Yuta Watanabe ,79568,2019,2020
Kyle Alexander ,79568,2019,2020
Gabe Vincent ,79568,2019,2020
Cam Reynolds ,79568,2019,2020
Frank Mason ,79568,2019,2020
Kelan Martin ,79568,2019,2020
Jordan McLaughlin ,79568,2019,2020
Zylan Cheatham ,79568,2019,2020
Josh Gray ,79568,2019,2020
Kenny Wooten ,79568,2019,2020
Jared Harper ,79568,2019,2020
Kevin Hervey ,79568,2019,2020
Vic Law ,79568,2019,2020
BJ Johnson ,79568,2019,2020
Marial Shayok ,79568,2019,2020
Tariq Owens ,79568,2019,2020
Moses Brown ,79568,2019,2020
Jaylen Hoard ,79568,2019,2020
Kyle Guy ,79568,2019,2020
Drew Eubanks ,79568,2019,2020
Quinndary Weatherspoon ,79568,2019,2020
Paul Watson ,79568,2019,2020
Jarrell Brantley ,79568,2019,2020
Justin Wright-Foreman ,79568,2019,2020
Garrison Mathews ,79568,2019,2020
Malik Newman ,65978,2019,2020
Stephen Curry ,43006362,2020,2021
Chris Paul ,41358814,2020,2021
Russell Westbrook ,41358814,2020,2021
James Harden ,41254920,2020,2021
John Wall ,41254920,2020,2021
Kevin Durant ,40108950,2020,2021
LeBron James ,39219566,2020,2021
Paul George ,35450412,2020,2021
Klay Thompson ,35361360,2020,2021
Mike Conley ,34502132,2020,2021
Kemba Walker ,34379100,2020,2021
Kawhi Leonard ,34379100,2020,2021
Jimmy Butler ,34379100,2020,2021
Tobias Harris ,34358850,2020,2021
Blake Griffin ,33900241,2020,2021
Kyrie Irving ,33722850,2020,2021
Khris Middleton ,33051724,2020,2021
Anthony Davis ,32742000,2020,2021
Damian Lillard ,31626953,2020,2021
Kevin Love ,31258256,2020,2021
Ben Simmons ,30559200,2020,2021
Pascal Siakam ,30559200,2020,2021
Kyle Lowry ,30500000,2020,2021
Steven Adams ,29592695,2020,2021
Nikola Jokic ,29542010,2020,2021
Andrew Wiggins ,29542010,2020,2021
Joel Embiid ,29542010,2020,2021
Kristaps Porzingis ,29467800,2020,2021
Karl-Anthony Towns ,29467800,2020,2021
Devin Booker ,29467800,2020,2021
CJ McCollum ,29354152,2020,2021
Andre Drummond ,28751774,2020,2021
Bradley Beal ,28751774,2020,2021
D'Angelo Russell ,28649250,2020,2021
Gordon Hayward ,28500000,2020,2021
Otto Porter ,28489239,2020,2021
DeMar DeRozan ,27739975,2020,2021
Giannis Antetokounmpo ,27528088,2020,2021
Rudy Gobert ,27525281,2020,2021
Al Horford ,27500000,2020,2021
Jamal Murray ,27285000,2020,2021
Brandon Ingram ,27285000,2020,2021
Jrue Holiday ,27026011,2020,2021
Nikola Vucevic ,26000000,2020,2021
Jaylen Brown ,25035118,2020,2021
Buddy Hield ,24931817,2020,2021
Draymond Green ,22246956,2020,2021
Harrison Barnes ,22215909,2020,2021
Fred VanVleet ,21250000,2020,2021
Victor Oladipo ,21000000,2020,2021
Malcolm Brogdon ,20700000,2020,2021
Julius Randle ,19845000,2020,2021
Domantas Sabonis ,19800000,2020,2021
Gary Harris ,19610714,2020,2021
Danilo Gallinari ,19500000,2020,2021
Zach LaVine ,19500000,2020,2021
Jerami Grant ,19050000,2020,2021
Tim Hardaway Jr ,18975000,2020,2021
Terry Rozier ,18900000,2020,2021
Aaron Gordon ,18136364,2020,2021
Clint Capela ,18000000,2020,2021
Bogdan Bogdanovic ,18000000,2020,2021
Myles Turner ,18000000,2020,2021
Goran Dragic ,18000000,2020,2021
Bojan Bogdanovic ,17850000,2020,2021
LaMarcus Aldridge ,17628340,2020,2021
Gorgui Dieng ,17587688,2020,2021
Evan Fournier ,17150000,2020,2021
Ricky Rubio ,17000000,2020,2021
Eric Bledsoe ,16875000,2020,2021
Eric Gordon ,16869267,2020,2021
Caris LeVert ,16203704,2020,2021
Joe Harris ,16071429,2020,2021
James Johnson ,16047100,2020,2021
Dennis Schroeder ,15500000,2020,2021
Cody Zeller ,15415730,2020,2021
Danny Green ,15365853,2020,2021
Jonas Valanciunas ,15000000,2020,2021
Andre Iguodala ,15000000,2020,2021
Davis Bertans ,15000000,2020,2021
Marcus Morris ,14883721,2020,2021
Rudy Gay ,14500000,2020,2021
Kelly Oubre ,14375000,2020,2021
Dejounte Murray ,14286000,2020,2021
Will Barton ,13723214,2020,2021
Thaddeus Young ,13545000,2020,2021
Patrick Mills ,13535714,2020,2021
Terrence Ross ,13500000,2020,2021
Malik Beasley ,13425895,2020,2021
Patrick Beverley ,13333333,2020,2021
Christian Wood ,13015874,2020,2021
JJ Redick ,13013700,2020,2021
Justise Winslow ,13000000,2020,2021
Marcus Smart ,12946428,2020,2021
Jusuf Nurkic ,12888889,2020,2021
Kelly Olynyk ,12819650,2020,2021
Trevor Ariza ,12800000,2020,2021
Brook Lopez ,12697675,2020,2021
Dion Waiters ,12650000,2020,2021
Cory Joseph ,12600000,2020,2021
Markelle Fultz ,12288697,2020,2021
Taurean Prince ,12250000,2020,2021
Tony Snell ,12178571,2020,2021
Robert Covington ,12138345,2020,2021
Kentavious Caldwell-Pope ,12073020,2020,2021
TJ Warren ,12000000,2020,2021
Larry Nance Jr ,11709091,2020,2021
Nicolas Batum ,11608231,2020,2021
Jordan Clarkson ,11500000,2020,2021
Spencer Dinwiddie ,11454048,2020,2021
Dillon Brooks ,11400000,2020,2021
Dwight Powell ,11080125,2020,2021
Lonzo Ball ,11003782,2020,2021
Josh Richardson ,10865952,2020,2021
Norman Powell ,10865952,2020,2021
Jeremy Lamb ,10500000,2020,2021
DeAndre Jordan ,10375678,2020,2021
Joe Ingles ,10363637,2020,2021
Zion Williamson ,10245480,2020,2021
Paul Millsap ,10100000,2020,2021
Rodney Hood ,10047450,2020,2021
Deandre Ayton ,10018200,2020,2021
Tomas Satoransky ,10000000,2020,2021
Jayson Tatum ,9897120,2020,2021
Anthony Edwards ,9757440,2020,2021
Al-Farouq Aminu ,9720900,2020,2021
Dante Exum ,9600000,2020,2021
George Hill ,9590602,2020,2021
De'Anthony Melton ,9571712,2020,2021
Kyle Anderson ,9505100,2020,2021
Meyers Leonard ,9400000,2020,2021
Tristan Thompson ,9258000,2020,2021
Serge Ibaka ,9258000,2020,2021
Montrezl Harrell ,9258000,2020,2021
Jae Crowder ,9258000,2020,2021
Derrick Jones ,9258000,2020,2021
Derrick Favors ,9258000,2020,2021
Dario Saric ,9250000,2020,2021
Ja Morant ,9166800,2020,2021
Delon Wright ,9000000,2020,2021
Marvin Bagley ,8963640,2020,2021
Cedi Osman ,8840580,2020,2021
Tyus Jones ,8817143,2020,2021
James Wiseman ,8730240,2020,2021
Royce O'Neale ,8500000,2020,2021
Maxi Kleber ,8475000,2020,2021
Thomas Bryant ,8333333,2020,2021
RJ Barrett ,8231760,2020,2021
Jakob Poeltl ,8101852,2020,2021
De'Aaron Fox ,8099627,2020,2021
Luka Doncic ,8049360,2020,2021
Louis Williams ,8000000,2020,2021
Mason Plumlee ,8000000,2020,2021
PJ Tucker ,7969537,2020,2021
LaMelo Ball ,7839960,2020,2021
Seth Curry ,7834449,2020,2021
Derrick Rose ,7682926,2020,2021
Cristiano Felicio ,7529020,2020,2021
Rajon Rondo ,7500000,2020,2021
De'Andre Hunter ,7422000,2020,2021
Jonathan Isaac ,7362565,2020,2021
Doug McDermott ,7333333,2020,2021
Robin Lopez ,7300000,2020,2021
Jaren Jackson Jr ,7257360,2020,2021
JaMychal Green ,7199760,2020,2021
Nemanja Bjelica ,7150000,2020,2021
Patrick Williams ,7068360,2020,2021
Ivica Zubac ,7000000,2020,2021
Darius Miller ,7000000,2020,2021
Aron Baynes ,7000000,2020,2021
Jabari Parker ,6930729,2020,2021
Lauri Markkanen ,6731508,2020,2021
Darius Garland ,6720720,2020,2021
DJ Augustin ,6666667,2020,2021
Trae Young ,6571800,2020,2021
Chris Boucher ,6500000,2020,2021
Juan Hernangomez ,6493000,2020,2021
Joakim Noah ,6431666,2020,2021
Isaac Okoro ,6400920,2020,2021
Frank Ntilikina ,6176578,2020,2021
DeMarre Carroll ,6119676,2020,2021
Jarrett Culver ,6104280,2020,2021
Alec Burks ,6000000,2020,2021
Ishmael Smith ,6000000,2020,2021
Mo Bamba ,5969040,2020,2021
Onyeka Okongwu ,5813640,2020,2021
Justin Holiday ,5720400,2020,2021
Dennis Smith ,5686677,2020,2021
Avery Bradley ,5635000,2020,2021
Timofey Mozgov ,5573333,2020,2021
Coby White ,5572680,2020,2021
Trey Lyles ,5500000,2020,2021
Wendell Carter ,5448840,2020,2021
Zach Collins ,5406255,2020,2021
Malik Monk ,5345687,2020,2021
Killian Hayes ,5307120,2020,2021
Luke Kennard ,5273826,2020,2021
Ryan Anderson ,5214583,2020,2021
Donovan Mitchell ,5195501,2020,2021
Rodney McGruder ,5192307,2020,2021
Bam Adebayo ,5115492,2020,2021
Justin Jackson ,5109637,2020,2021
Jaxson Hayes ,5105160,2020,2021
Ed Davis ,5005350,2020,2021
Mike Scott ,5005350,2020,2021
Enes Kanter ,5005350,2020,2021
Richaun Holmes ,5005350,2020,2021
Daniel Theis ,5000000,2020,2021
Luol Deng ,5000000,2020,2021
Nerlens Noel ,5000000,2020,2021
Collin Sexton ,4991880,2020,2021
Pat Connaughton ,4938273,2020,2021
Obi Toppin ,4862040,2020,2021
Kevon Looney ,4821429,2020,2021
Kris Dunn ,4767000,2020,2021
Garrett Temple ,4767000,2020,2021
Josh Jackson ,4767000,2020,2021
Elfrid Payton ,4767000,2020,2021
Rui Hachimura ,4692840,2020,2021
Denzel Valentine ,4642800,2020,2021
Kevin Knox ,4588680,2020,2021
DJ Wilson ,4548280,2020,2021
Deni Avdija ,4469160,2020,2021
Cam Reddish ,4458000,2020,2021
TJ Leaf ,4431423,2020,2021
Mikal Bridges ,4359000,2020,2021
Jalen Smith ,4245720,2020,2021
Cameron Johnson ,4235160,2020,2021
JaVale McGee ,4200000,2020,2021
Reggie Bullock ,4200000,2020,2021
Shai Gilgeous-Alexander ,4141320,2020,2021
John Collins ,4137302,2020,2021
Willie Cauley-Stein ,4100000,2020,2021
Devin Vassell ,4033440,2020,2021
PJ Washington ,4023600,2020,2021
Dorian Finney-Smith ,4000000,2020,2021
Patrick McCaw ,4000000,2020,2021
Alex Len ,3970648,2020,2021
Terrance Ferguson ,3944013,2020,2021
Miles Bridges ,3934320,2020,2021
Austin Rivers ,3929049,2020,2021
Jevon Carter ,3925000,2020,2021
Jarrett Allen ,3909902,2020,2021
Nicolo Melli ,3897436,2020,2021
OG Anunoby ,3872215,2020,2021
Gabriel Deck ,3870370,2020,2021
Tyrese Haliburton ,3831840,2020,2021
Tyler Herro ,3822240,2020,2021
Patrick Patterson ,3814771,2020,2021
Stanley Johnson ,3804150,2020,2021
Jake Layman ,3761085,2020,2021
Jerome Robinson ,3737520,2020,2021
Danuel House ,3717000,2020,2021
Kira Lewis ,3640200,2020,2021
Romeo Langford ,3631200,2020,2021
Wesley Matthews ,3623000,2020,2021
Bobby Portis ,3623000,2020,2021
Moe Harkless ,3623000,2020,2021
Wayne Ellington ,3564753,2020,2021
Kyle Kuzma ,3562178,2020,2021
Michael Porter ,3550800,2020,2021
Tony Bradley ,3542060,2020,2021
Derrick White ,3516284,2020,2021
Bismack Biyombo ,3500000,2020,2021
Boban Marjanovic ,3500000,2020,2021
TJ McConnell ,3500000,2020,2021
Luca Vildoza ,3500000,2020,2021
Josh Hart ,3491159,2020,2021
Aaron Nesmith ,3458400,2020,2021
Sekou Doumbouya ,3449400,2020,2021
Dewayne Dedmon ,3447478,2020,2021
Troy Brown ,3372840,2020,2021
Jeff Teague ,3372826,2020,2021
Michael Carter-Williams ,3300000,2020,2021
James Ennis ,3300000,2020,2021
Cole Anthony ,3285120,2020,2021
Taj Gibson ,3283684,2020,2021
Facundo Campazzo ,3200000,2020,2021
Jon Leuer ,3169348,2020,2021
Isaiah Stewart ,3121080,2020,2021
Chuma Okeke ,3121080,2020,2021
Nickeil Alexander-Walker ,3113160,2020,2021
DeMarcus Cousins ,3051832,2020,2021
Donte DiVincenzo ,3044160,2020,2021
Khem Birch ,3011499,2020,2021
Ryan Arcidiacono ,3000000,2020,2021
Trey Burke ,3000000,2020,2021
Aleksej Pokusevski ,2964840,2020,2021
Goga Bitadze ,2957520,2020,2021
Lonnie Walker ,2895720,2020,2021
Ben McLemore ,2893630,2020,2021
Andrew Nicholson ,2844429,2020,2021
Luka Samanic ,2824320,2020,2021
Josh Green ,2816760,2020,2021
Kevin Huerter ,2761920,2020,2021
Alex Caruso ,2750000,2020,2021
Marko Guduric ,2750000,2020,2021
Matisse Thybulle ,2711280,2020,2021
Saddiq Bey ,2689920,2020,2021
Josh Okogie ,2651040,2020,2021
Vincent Poirier ,2619207,2020,2021
Brandon Clarke ,2602920,2020,2021
Precious Achiuwa ,2582160,2020,2021
Jeff Green ,2564753,2020,2021
Jose Juan Barea ,2564753,2020,2021
Marc Gasol ,2564753,2020,2021
Jared Dudley ,2564753,2020,2021
Udonis Haslem ,2564753,2020,2021
Dwight Howard ,2564753,2020,2021
Carmelo Anthony ,2564753,2020,2021
Grayson Allen ,2545320,2020,2021
Grant Williams ,2498760,2020,2021
Tyrese Maxey ,2478840,2020,2021
Chandler Hutchison ,2443440,2020,2021
Mfiondu Kabengele ,2432353,2020,2021
Darius Bazley ,2399160,2020,2021
Moritz Wagner ,2383915,2020,2021
Zeke Nnaji ,2379840,2020,2021
Aaron Holiday ,2345640,2020,2021
Bryn Forbes ,2337145,2020,2021
Reggie Jackson ,2331593,2020,2021
Markieff Morris ,2331593,2020,2021
E'Twaun Moore ,2331593,2020,2021
Kent Bazemore ,2320044,2020,2021
Hassan Whiteside ,2320044,2020,2021
Ty Jerome ,2303040,2020,2021
Mike Muscala ,2283034,2020,2021
Anfernee Simons ,2252040,2020,2021
Luke Kornet ,2250000,2020,2021
Brad Wanamaker ,2250000,2020,2021
Monta Ellis ,2245400,2020,2021
Nassir Little ,2210640,2020,2021
RJ Hampton ,2193480,2020,2021
Solomon Hill ,2174318,2020,2021
Matthew Dellavedova ,2174318,2020,2021
Edmond Sumner ,2160000,2020,2021
Anderson Varejao ,2141713,2020,2021
Dylan Windler ,2137440,2020,2021
Immanuel Quickley ,2105520,2020,2021
John Konchar ,2100000,2020,2021
Landry Shamet ,2090040,2020,2021
Jordan Poole ,2063280,2020,2021
Bol Bol ,2058240,2020,2021
Keldon Johnson ,2048040,2020,2021
Payton Pritchard ,2035800,2020,2021
Robert Williams ,2029920,2020,2021
Tyler Johnson ,2028594,2020,2021
Bruno Caboclo ,2028594,2020,2021
Langston Galloway ,2028594,2020,2021
Gary Clark ,2018458,2020,2021
Jacob Evans ,2017320,2020,2021
Spencer Hawes ,2007058,2020,2021
Dzanan Musa ,2002800,2020,2021
Damyean Dotson ,2000000,2020,2021
Kenrich Williams ,2000000,2020,2021
Theo Maledon ,2000000,2020,2021
Omari Spellman ,1988280,2020,2021
Quinn Cook ,1981649,2020,2021
Mario Hezonja ,1977011,2020,2021
Cameron Payne ,1977011,2020,2021
Udoka Azubuike ,1977000,2020,2021
Jaden McDaniels ,1964760,2020,2021
Malachi Flynn ,1950600,2020,2021
Desmond Bane ,1936440,2020,2021
Jontay Porter ,1900000,2020,2021
Jahlil Okafor ,1882867,2020,2021
JaKarr Sampson ,1882867,2020,2021
Raul Neto ,1882867,2020,2021
Larry Sanders ,1865546,2020,2021
Timothe Luwawu ,1824003,2020,2021
David Nwaba ,1824003,2020,2021
Marquese Chriss ,1824003,2020,2021
Georges Niang ,1783557,2020,2021
Rodions Kurucs ,1780152,2020,2021
PJ Dozier ,1762796,2020,2021
Damion Lee ,1762796,2020,2021
Alfonzo McKinnie ,1762796,2020,2021
Furkan Korkmaz ,1762796,2020,2021
Semi Ojeleye ,1752950,2020,2021
Abdel Nader ,1752950,2020,2021
Thon Maker ,1737145,2020,2021
Willy Hernangomez ,1737145,2020,2021
Frank Kaminsky ,1737145,2020,2021
DeAndre Bembry ,1737145,2020,2021
Monte Morris ,1723707,2020,2021
Kevin Porter ,1717981,2020,2021
Brandon Goodwin ,1701593,2020,2021
Thanasis Antetokounmpo ,1701593,2020,2021
Shake Milton ,1701593,2020,2021
Ignas Brazdeikis ,1686315,2020,2021
Sterling Brown ,1678854,2020,2021
Wesley Iwundu ,1678854,2020,2021
Dwayne Bacon ,1678854,2020,2021
Torrey Craig ,1678854,2020,2021
Bruce Brown ,1663861,2020,2021
Devonte Graham ,1663861,2020,2021
Jalen Brunson ,1663861,2020,2021
Hamidou Diallo ,1663861,2020,2021
Duncan Robinson ,1663861,2020,2021
Kendrick Nunn ,1663861,2020,2021
Jarred Vanderbilt ,1663861,2020,2021
Mitchell Robinson ,1663861,2020,2021
Sviatoslav Mykhailiuk ,1663861,2020,2021
Gary Trent Jr ,1663861,2020,2021
Isaac Bonga ,1663861,2020,2021
Isaiah Hartenstein ,1620564,2020,2021
Wenyen Gabriel ,1620564,2020,2021
Josh Gray ,1620564,2020,2021
Harry Giles ,1620564,2020,2021
Drew Eubanks ,1620564,2020,2021
Bruno Fernando ,1517981,2020,2021
Carsen Edwards ,1517981,2020,2021
Nicolas Claxton ,1517981,2020,2021
Cody Martin ,1517981,2020,2021
Caleb Martin ,1517981,2020,2021
Jalen McDaniels ,1517981,2020,2021
Javonte Green ,1517981,2020,2021
Dean Wade ,1517981,2020,2021
Vlatko Cancar ,1517981,2020,2021
Eric Paschall ,1517981,2020,2021
Alen Smailagic ,1517981,2020,2021
Mychal Mulder ,1517981,2020,2021
Chris Clemons ,1517981,2020,2021
Jalen Lecque ,1517981,2020,2021
Terance Mann ,1517981,2020,2021
Talen Horton-Tucker ,1517981,2020,2021
KZ Okpala ,1517981,2020,2021
Naz Reid ,1517981,2020,2021
Jaylen Nowell ,1517981,2020,2021
Luguentz Dort ,1517981,2020,2021
Isaiah Roby ,1517981,2020,2021
Admiral Schofield ,1517981,2020,2021
Justin James ,1517981,2020,2021
Terence Davis ,1517981,2020,2021
Chris Silva ,1517981,2020,2021
Miye Oni ,1517981,2020,2021
Juwan Morgan ,1517981,2020,2021
Matt Thomas ,1517981,2020,2021
Daniel Gafford ,1517981,2020,2021
Robert Woodard ,1500000,2020,2021
Damian Jones ,1487284,2020,2021
JR Smith ,1456667,2020,2021
Jae'Sean Tate ,1445697,2020,2021
DaQuan Jeffries ,1445697,2020,2021
Kelan Martin ,1445697,2020,2021
Zylan Cheatham ,1445697,2020,2021
Paul Watson ,1445697,2020,2021
Vernon Carey ,1350000,2020,2021
Xavier Tillman ,1300000,2020,2021
Tyrell Terry ,1289846,2020,2021
Oshae Brissett ,1255493,2020,2021
Moses Brown ,1250000,2020,2021
Sindarius Thornwell ,1235889,2020,2021
Ersan Ilyasova ,1194542,2020,2021
Glenn Robinson III ,1165322,2020,2021
Zhaire Smith ,1068200,2020,2021
Khyri Thomas ,1061283,2020,2021
Guerschon Yabusele ,1039080,2020,2021
Norvel Pelle ,1014905,2020,2021
Nick Richards ,1000000,2020,2021
Lamar Stevens ,1000000,2020,2021
Jahmi'us Ramsey ,1000000,2020,2021
Kyle Singler ,999200,2020,2021
Juan Toscano-Anderson ,943963,2020,2021
Shaquille Harrison ,915048,2020,2021
Chimezie Metu ,910895,2020,2021
Deividas Sirvydis ,898310,2020,2021
KJ Martin ,898310,2020,2021
Daniel Oturu ,898310,2020,2021
Jordan Nwora ,898310,2020,2021
Sam Merrill ,898310,2020,2021
Isaiah Joe ,898310,2020,2021
CJ Elleby ,898310,2020,2021
Tre Jones ,898310,2020,2021
Elijah Hughes ,898310,2020,2021
Anthony Gill ,898310,2020,2021
Iman Shumpert ,803044,2020,2021
Theo Pinson ,802182,2020,2021
Yuta Watanabe ,737996,2020,2021
Tremont Waters ,712278,2020,2021
Frank Jackson ,699115,2020,2021
Rayjon Tucker ,693755,2020,2021
Tyler Cook ,693141,2020,2021
Garrison Mathews ,688052,2020,2021
Cole Aldrich ,685340,2020,2021
Shaun Livingston ,666666,2020,2021
Gabe Vincent ,660750,2020,2021
Tacko Fall ,653924,2020,2021
Max Strus ,647098,2020,2021
Alize Johnson ,621587,2020,2021
Anthony Tolliver ,614838,2020,2021
Paul Reed ,609128,2020,2021
Tim Frazier ,597463,2020,2021
Jordan Bell ,592368,2020,2021
Amir Coffey ,578842,2020,2021
Naji Marshall ,538391,2020,2021
Kyle Guy ,537888,2020,2021
Markus Howard ,535294,2020,2021
Skylar Mays ,532218,2020,2021
Mamadi Diakite ,529341,2020,2021
Nathan Knight ,522989,2020,2021
Jared Harper ,520487,2020,2021
Saben Lee ,516836,2020,2021
Jarrell Brantley ,510586,2020,2021
Jordan McLaughlin ,503760,2020,2021
Rondae Hollis-Jefferson ,502957,2020,2021
Reggie Perry ,489148,2020,2021
Cassius Stanley ,470690,2020,2021
Trent Forrest ,470690,2020,2021
Dakari Johnson ,459414,2020,2021
Chris Chiozza ,449115,2020,2021
Grant Riller ,449115,2020,2021
Nate Darling ,449115,2020,2021
Devon Dotson ,449115,2020,2021
Adam Mokoka ,449115,2020,2021
Marques Bolden ,449115,2020,2021
Tyler Bey ,449115,2020,2021
Nate Hinton ,449115,2020,2021
Nico Mannion ,449115,2020,2021
Jay Scrubb ,449115,2020,2021
Kostas Antetokounmpo ,449115,2020,2021
Devontae Cacok ,449115,2020,2021
Killian Tillie ,449115,2020,2021
Sean McDermott ,449115,2020,2021
Jaylen Adams ,449115,2020,2021
Josh Hall ,449115,2020,2021
Ty-Shon Alexander ,449115,2020,2021
Keljin Blevins ,449115,2020,2021
Quinndary Weatherspoon ,449115,2020,2021
Keita Bates-Diop ,449115,2020,2021
Jalen Harris ,449115,2020,2021
Cassius Winston ,449115,2020,2021
Yogi Ferrell ,444149,2020,2021
Noah Vonleh ,427725,2020,2021
Mason Jones ,424544,2020,2021
Brodric Thomas ,412202,2020,2021
Andre Roberson ,411639,2020,2021
Donta Hall ,376276,2020,2021
Brian Bowen ,375321,2020,2021
Anzejs Pasecniks ,374297,2020,2021
Freddie Gillespie ,363015,2020,2021
AJ Hammons ,350087,2020,2021
Karim Mane ,344557,2020,2021
Will Magnay ,341481,2020,2021
Greg Whittington ,332252,2020,2021
Raymond Spalding ,289156,2020,2021
Chasson Randle ,279927,2020,2021
Justin Patton ,267623,2020,2021
Gary Payton II ,249864,2020,2021
Mike James ,237648,2020,2021
Charlie Brown ,217844,2020,2021
Anthony Lamb ,215330,2020,2021
Justin Robinson ,198040,2020,2021
Axel Toupane ,196872,2020,2021
Henry Ellenson ,168983,2020,2021
Ashton Hagans ,166111,2020,2021
Isaiah Thomas ,159698,2020,2021
John Henson ,158907,2020,2021
Armoni Brooks ,135362,2020,2021
Jordan Bone ,135350,2020,2021
Jaylen Hoard ,129209,2020,2021
Justin Anderson ,125000,2020,2021
Amida Brimah ,123056,2020,2021
Didi Louzada ,123056,2020,2021
Troy Williams ,122741,2020,2021
James Nunnally ,107674,2020,2021
Demetrius Jackson ,92857,2020,2021
Dakota Mathias ,86132,2020,2021
Malik Fitts ,61528,2020,2021
Jeremiah Martin ,58452,2020,2021
Jerian Grant ,50000,2020,2021
Louis King ,49222,2020,2021
Cameron Oliver ,43070,2020,2021
Cam Reynolds ,33299,2020,2021
Tyler Hall ,25000,2020,2021
Andrew White ,25000,2020,2021
Elijah Bryant ,24611,2020,2021
Caleb Homesley ,20000,2020,2021
Stephen Curry ,45780966,2021,2022
John Wall ,44310840,2021,2022
James Harden ,44310840,2021,2022
Russell Westbrook ,44211146,2021,2022
Kevin Durant ,42018900,2021,2022
LeBron James ,41180544,2021,2022
Paul George ,39344970,2021,2022
Kawhi Leonard ,39344900,2021,2022
Giannis Antetokounmpo ,39344900,2021,2022
Damian Lillard ,39344900,2021,2022
Klay Thompson ,37980720,2021,2022
Jimmy Butler ,36016200,2021,2022
Tobias Harris ,35995950,2021,2022
Khris Middleton ,35500000,2021,2022
Anthony Davis ,35361360,2021,2022
Rudy Gobert ,35344828,2021,2022
Kyrie Irving ,35328700,2021,2022
Kemba Walker ,34967442,2021,2022
Bradley Beal ,33724200,2021,2022
Ben Simmons ,33003936,2021,2022
Pascal Siakam ,33003936,2021,2022
Blake Griffin ,32405817,2021,2022
Karl-Anthony Towns ,31650600,2021,2022
Devin Booker ,31650600,2021,2022
Kristaps Porzingis ,31650600,2021,2022
Andrew Wiggins ,31579390,2021,2022
Joel Embiid ,31579390,2021,2022
Kevin Love ,31258256,2021,2022
Jrue Holiday ,31171333,2021,2022
Nikola Jokic ,31044906,2021,2022
CJ McCollum ,30864198,2021,2022
Chris Paul ,30800000,2021,2022
D'Angelo Russell ,30013500,2021,2022
Gordon Hayward ,29925000,2021,2022
Jamal Murray ,29467800,2021,2022
Brandon Ingram ,29467800,2021,2022
Jayson Tatum ,28103500,2021,2022
Bam Adebayo ,28103500,2021,2022
De'Aaron Fox ,28103500,2021,2022
Donovan Mitchell ,28103500,2021,2022
Al Horford ,27000000,2021,2022
Kyle Lowry ,26984128,2021,2022
Jaylen Brown ,26758928,2021,2022
DeMar DeRozan ,26000000,2021,2022
Draymond Green ,24026712,2021,2022
Nikola Vucevic ,24000000,2021,2022
Buddy Hield ,23073234,2021,2022
John Collins ,23000000,2021,2022
Malcolm Brogdon ,21700000,2021,2022
Tim Hardaway Jr ,21306816,2021,2022
Mike Conley ,21000000,2021,2022
Gary Harris ,20932143,2021,2022
Danilo Gallinari ,20475000,2021,2022
Harrison Barnes ,20284091,2021,2022
Jerami Grant ,20002500,2021,2022
Jarrett Allen ,20000000,2021,2022
Julius Randle ,19800000,2021,2022
Fred VanVleet ,19675926,2021,2022
Zach LaVine ,19500000,2021,2022
Goran Dragic ,19348907,2021,2022
Spencer Dinwiddie ,19314284,2021,2022
Bojan Bogdanovic ,18700000,2021,2022
Lonzo Ball ,18604651,2021,2022
Domantas Sabonis ,18500000,2021,2022
Eric Gordon ,18218818,2021,2022
Eric Bledsoe ,18125000,2021,2022
Bogdan Bogdanovic ,18000000,2021,2022
Myles Turner ,18000000,2021,2022
Terry Rozier ,17905263,2021,2022
Ricky Rubio ,17800000,2021,2022
Clint Capela ,17603448,2021,2022
Caris LeVert ,17500000,2021,2022
Jonathan Isaac ,17400000,2021,2022
Joe Harris ,17357143,2021,2022
Evan Fournier ,17142857,2021,2022
Steven Adams ,17073171,2021,2022
Markelle Fultz ,16500000,2021,2022
Aaron Gordon ,16409091,2021,2022
Gary Trent Jr ,16225000,2021,2022
OG Anunoby ,16071429,2021,2022
Davis Bertans ,16000000,2021,2022
Lauri Markkanen ,15690909,2021,2022
Derrick White ,15678571,2021,2022
Duncan Robinson ,15650000,2021,2022
Marcus Morris ,15627907,2021,2022
Will Barton ,15625000,2021,2022
Norman Powell ,15517242,2021,2022
Dejounte Murray ,15428880,2021,2022
Malik Beasley ,14491964,2021,2022
Marcus Smart ,14339285,2021,2022
Patrick Beverley ,14320987,2021,2022
Thaddeus Young ,14190000,2021,2022
Jonas Valanciunas ,14000000,2021,2022
Doug McDermott ,13750000,2021,2022
Christian Wood ,13666667,2021,2022
Derrick Rose ,13445120,2021,2022
Luke Kennard ,13347727,2021,2022
Taurean Prince ,13334375,2021,2022
Brook Lopez ,13302325,2021,2022
Kentavious Caldwell-Pope ,13038862,2021,2022
Joe Ingles ,13036364,2021,2022
Kyle Kuzma ,13000000,2021,2022
Robert Covington ,12975471,2021,2022
TJ Warren ,12940000,2021,2022
Deandre Ayton ,12632950,2021,2022
Terrence Ross ,12500000,2021,2022
Jordan Clarkson ,12420000,2021,2022
Dillon Brooks ,12200000,2021,2022
Kelly Olynyk ,12195122,2021,2022
Nicolas Batum ,12026998,2021,2022
Josh Hart ,12000000,2021,2022
Kelly Oubre ,12000000,2021,2022
Jusuf Nurkic ,12000000,2021,2022
Josh Richardson ,11615328,2021,2022
Marvin Bagley ,11312114,2021,2022
DeAndre Jordan ,11109327,2021,2022
Dwight Powell ,11080125,2021,2022
Devonte Graham ,11000000,2021,2022
Zion Williamson ,10733400,2021,2022
Larry Nance Jr ,10690909,2021,2022
Jeremy Lamb ,10500000,2021,2022
Reggie Jackson ,10384500,2021,2022
Richaun Holmes ,10384500,2021,2022
Al-Farouq Aminu ,10335621,2021,2022
Anthony Edwards ,10245480,2021,2022
Luka Doncic ,10174391,2021,2022
Cade Cunningham ,10050120,2021,2022
Danny Green ,10000000,2021,2022
Tomas Satoransky ,10000000,2021,2022
Tristan Thompson ,9946611,2021,2022
Kyle Anderson ,9937150,2021,2022
Derrick Favors ,9720900,2021,2022
Jae Crowder ,9720900,2021,2022
Montrezl Harrell ,9720900,2021,2022
Derrick Jones ,9720900,2021,2022
Serge Ibaka ,9720900,2021,2022
Ja Morant ,9603360,2021,2022
Reggie Bullock ,9536000,2021,2022
Alec Burks ,9536000,2021,2022
Talen Horton-Tucker ,9500000,2021,2022
Mason Plumlee ,9248333,2021,2022
Jaren Jackson Jr ,9180560,2021,2022
James Wiseman ,9166800,2021,2022
Jalen Green ,8992080,2021,2022
De'Anthony Melton ,8805976,2021,2022
Nerlens Noel ,8800000,2021,2022
Royce O'Neale ,8800000,2021,2022
Jakob Poeltl ,8750000,2021,2022
Maxi Kleber ,8750000,2021,2022
Thomas Bryant ,8666667,2021,2022
RJ Barrett ,8623920,2021,2022
Alex Caruso ,8600000,2021,2022
Delon Wright ,8526316,2021,2022
Dario Saric ,8510000,2021,2022
Monte Morris ,8449074,2021,2022
Tyus Jones ,8376286,2021,2022
Trae Young ,8326471,2021,2022
Daniel Theis ,8280351,2021,2022
LaMelo Ball ,8231760,2021,2022
Seth Curry ,8207518,2021,2022
JaMychal Green ,8200000,2021,2022
Cedi Osman ,8133334,2021,2022
Evan Mobley ,8075160,2021,2022
De'Andre Hunter ,7775400,2021,2022
DJ Augustin ,7622467,2021,2022
Mo Bamba ,7568743,2021,2022
Ivica Zubac ,7518518,2021,2022
TJ McConnell ,7500000,2021,2022
Rajon Rondo ,7500000,2021,2022
Patrick Williams ,7422000,2021,2022
Cory Joseph ,7310000,2021,2022
Scottie Barnes ,7280400,2021,2022
Darius Garland ,7040880,2021,2022
Chris Boucher ,7020000,2021,2022
PJ Tucker ,7000000,2021,2022
Zach Collins ,7000000,2021,2022
Wendell Carter ,6920027,2021,2022
Juan Hernangomez ,6803190,2021,2022
Isaac Okoro ,6720720,2021,2022
Jalen Suggs ,6592920,2021,2022
Cameron Payne ,6500000,2021,2022
Joakim Noah ,6431666,2021,2022
Jarrett Culver ,6395160,2021,2022
Khem Birch ,6350000,2021,2022
Collin Sexton ,6349671,2021,2022
Onyeka Okongwu ,6104280,2021,2022
Justin Holiday ,6006420,2021,2022
Josh Giddey ,5988000,2021,2022
Patrick Mills ,5890000,2021,2022
Rudy Gay ,5890000,2021,2022
Dennis Schroeder ,5890000,2021,2022
Kevin Knox ,5845978,2021,2022
Coby White ,5837760,2021,2022
Timofey Mozgov ,5573333,2021,2022
Killian Hayes ,5572680,2021,2022
Mikal Bridges ,5557725,2021,2022
Shai Gilgeous-Alexander ,5495532,2021,2022
Jonathan Kuminga ,5466360,2021,2022
Miles Bridges ,5421493,2021,2022
Jaxson Hayes ,5348280,2021,2022
Pat Connaughton ,5333334,2021,2022
Kris Dunn ,5317430,2021,2022
George Hill ,5275491,2021,2022
Michael Porter ,5258735,2021,2022
Dewayne Dedmon ,5256308,2021,2022
Ryan Anderson ,5214583,2021,2022
Hamidou Diallo ,5200000,2021,2022
Kevon Looney ,5178572,2021,2022
Troy Brown ,5170564,2021,2022
Obi Toppin ,5105160,2021,2022
Franz Wagner ,5007840,2021,2022
Josh Jackson ,5005350,2021,2022
Kendrick Nunn ,5000000,2021,2022
Louis Williams ,5000000,2021,2022
Luol Deng ,5000000,2021,2022
Robin Lopez ,5000000,2021,2022
JaVale McGee ,5000000,2021,2022
Danuel House ,4997424,2021,2022
Rui Hachimura ,4916160,2021,2022
Garrett Temple ,4910000,2021,2022
Taj Gibson ,4910000,2021,2022
Torrey Craig ,4878049,2021,2022
Bruce Brown ,4736102,2021,2022
Deni Avdija ,4692840,2021,2022
Donte DiVincenzo ,4675830,2021,2022
Cam Reddish ,4670160,2021,2022
David Nwaba ,4650000,2021,2022
Furkan Korkmaz ,4629630,2021,2022
Davion Mitchell ,4603200,2021,2022
Ishmael Smith ,4500000,2021,2022
Jeff Green ,4500000,2021,2022
Bryn Forbes ,4500000,2021,2022
Jalen Smith ,4458000,2021,2022
Lonnie Walker ,4447896,2021,2022
Cameron Johnson ,4437000,2021,2022
Ziaire Williams ,4373040,2021,2022
Bobby Portis ,4347600,2021,2022
Moe Harkless ,4347600,2021,2022
Kevin Huerter ,4253357,2021,2022
Devin Vassell ,4235160,2021,2022
Chandler Hutchison ,4224186,2021,2022
Willie Cauley-Stein ,4220083,2021,2022
PJ Washington ,4215120,2021,2022
James Bouknight ,4154400,2021,2022
Jevon Carter ,4107149,2021,2022
Josh Okogie ,4087904,2021,2022
Grayson Allen ,4054695,2021,2022
Jarred Vanderbilt ,4050000,2021,2022
Tyrese Haliburton ,4023600,2021,2022
Tyler Herro ,4004280,2021,2022
Dorian Finney-Smith ,4000000,2021,2022
Terence Davis ,4000000,2021,2022
Gorgui Dieng ,4000000,2021,2022
Aaron Holiday ,3980551,2021,2022
Josh Primo ,3946800,2021,2022
Jake Layman ,3940184,2021,2022
Anfernee Simons ,3938818,2021,2022
Justise Winslow ,3902439,2021,2022
Kira Lewis ,3822240,2021,2022
Romeo Langford ,3804360,2021,2022
Sekou Doumbouya ,3799131,2021,2022
Landry Shamet ,3768342,2021,2022
Chris Duarte ,3749400,2021,2022
Alex Len ,3732000,2021,2022
Robert Williams ,3661976,2021,2022
Aaron Nesmith ,3631200,2021,2022
Moses Moody ,3562200,2021,2022
Boban Marjanovic ,3500000,2021,2022
Mike Muscala ,3500000,2021,2022
Cole Anthony ,3449400,2021,2022
Corey Kispert ,3383640,2021,2022
Luka Samanic ,3355239,2021,2022
Georges Niang ,3300000,2021,2022
Michael Carter-Williams ,3300000,2021,2022
Isaiah Stewart ,3277080,2021,2022
Chuma Okeke ,3277080,2021,2022
Nickeil Alexander-Walker ,3261480,2021,2022
Alperen Sengun ,3214680,2021,2022
Jon Leuer ,3169348,2021,2022
Trey Burke ,3150000,2021,2022
Aleksej Pokusevski ,3113160,2021,2022
Facundo Campazzo ,3100000,2021,2022
Goga Bitadze ,3098400,2021,2022
Trey Murphy ,3053760,2021,2022
Sterling Brown ,3000000,2021,2022
Frank Jackson ,3000000,2021,2022
Josh Green ,2957520,2021,2022
Tre Mann ,2901240,2021,2022
Andrew Nicholson ,2844429,2021,2022
Matisse Thybulle ,2840160,2021,2022
Saddiq Bey ,2824320,2021,2022
Kai Jones ,2770560,2021,2022
Brandon Clarke ,2726880,2021,2022
Precious Achiuwa ,2711280,2021,2022
Marc Gasol ,2692991,2021,2022
Jalen Johnson ,2659680,2021,2022
LaMarcus Aldridge ,2641691,2021,2022
James Johnson ,2641691,2021,2022
Ed Davis ,2641691,2021,2022
Andre Iguodala ,2641691,2021,2022
Enes Kanter ,2641691,2021,2022
Carmelo Anthony ,2641691,2021,2022
Trevor Ariza ,2641691,2021,2022
Avery Bradley ,2641691,2021,2022
Wayne Ellington ,2641691,2021,2022
Dwight Howard ,2641691,2021,2022
Udonis Haslem ,2641691,2021,2022
Markieff Morris ,2641691,2021,2022
E'Twaun Moore ,2641691,2021,2022
Paul Millsap ,2641691,2021,2022
Grant Williams ,2617800,2021,2022
Tyrese Maxey ,2602920,2021,2022
Keon Johnson ,2553240,2021,2022
Darius Bazley ,2513040,2021,2022
Trey Lyles ,2500000,2021,2022
Zeke Nnaji ,2498760,2021,2022
Isaiah Jackson ,2451240,2021,2022
Ty Jerome ,2412840,2021,2022
Andre Drummond ,2401537,2021,2022
Austin Rivers ,2401537,2021,2022
Kent Bazemore ,2401537,2021,2022
Hassan Whiteside ,2401537,2021,2022
Otto Porter ,2389641,2021,2022
Victor Oladipo ,2389641,2021,2022
Tony Snell ,2389641,2021,2022
Solomon Hill ,2389641,2021,2022
Ben McLemore ,2389641,2021,2022
Cody Zeller ,2389641,2021,2022
Usman Garuba ,2353320,2021,2022
Leandro Bolmaro ,2353320,2021,2022
Willy Hernangomez ,2327220,2021,2022
Edmond Sumner ,2320000,2021,2022
Nassir Little ,2316240,2021,2022
RJ Hampton ,2303040,2021,2022
DeAndre Bembry ,2271045,2021,2022
Josh Christopher ,2259240,2021,2022
Monta Ellis ,2245400,2021,2022
Drew Eubanks ,2239820,2021,2022
Rodney Hood ,2239544,2021,2022
Elfrid Payton ,2239544,2021,2022
Dylan Windler ,2239200,2021,2022
Immanuel Quickley ,2210640,2021,2022
John Konchar ,2200000,2021,2022
Quentin Grimes ,2168640,2021,2022
Jordan Poole ,2161440,2021,2022
Bol Bol ,2161152,2021,2022
Keldon Johnson ,2145720,2021,2022
Payton Pritchard ,2137440,2021,2022
Jahlil Okafor ,2130023,2021,2022
Bones Hyland ,2096880,2021,2022
Nemanja Bjelica ,2089448,2021,2022
Frank Kaminsky ,2089448,2021,2022
Raul Neto ,2089448,2021,2022
Udoka Azubuike ,2075880,2021,2022
Jaden McDaniels ,2063280,2021,2022
Malachi Flynn ,2048040,2021,2022
DeMarcus Cousins ,2038942,2021,2022
Cam Thomas ,2036280,2021,2022
Desmond Bane ,2033160,2021,2022
Jaden Springer ,2023680,2021,2022
Day'Ron Sharpe ,2009160,2021,2022
Jordan McLaughlin ,2000000,2021,2022
Garrison Mathews ,2000000,2021,2022
Jeremiah Robinson-Earl ,2000000,2021,2022
Kenrich Williams ,2000000,2021,2022
Theo Maledon ,2000000,2021,2022
Abdel Nader ,2000000,2021,2022
Santiago Aldama ,1994520,2021,2022
Damian Jones ,1977011,2021,2022
Wesley Matthews ,1958495,2021,2022
Timothe Luwawu ,1939350,2021,2022
Rodney McGruder ,1939350,2021,2022
Moses Brown ,1933909,2021,2022
Wesley Iwundu ,1926834,2021,2022
Jose Alvarado ,1925406,2021,2022
Damion Lee ,1910860,2021,2022
PJ Dozier ,1910860,2021,2022
Killian Tillie ,1901625,2021,2022
Tyrell Terry ,1869438,2021,2022
Larry Sanders ,1865546,2021,2022
Carsen Edwards ,1859365,2021,2022
Shake Milton ,1846738,2021,2022
Jalen Brunson ,1802057,2021,2022
Mitchell Robinson ,1802057,2021,2022
Tony Bradley ,1789256,2021,2022
Frank Ntilikina ,1789256,2021,2022
Semi Ojeleye ,1789256,2021,2022
Malik Monk ,1789256,2021,2022
Dennis Smith ,1789256,2021,2022
Didi Louzada ,1786878,2021,2022
Kevin Porter ,1782621,2021,2022
Jalen McDaniels ,1782621,2021,2022
Terance Mann ,1782621,2021,2022
Jaylen Nowell ,1782621,2021,2022
Naz Reid ,1782621,2021,2022
Isaiah Roby ,1782621,2021,2022
Daniel Gafford ,1782621,2021,2022
Nicolas Claxton ,1782621,2021,2022
Cody Martin ,1782621,2021,2022
Dean Wade ,1782621,2021,2022
Vlatko Cancar ,1782621,2021,2022
Bruno Fernando ,1782621,2021,2022
Luguentz Dort ,1782621,2021,2022
KZ Okpala ,1782621,2021,2022
Eric Paschall ,1782621,2021,2022
Chimezie Metu ,1762796,2021,2022
Yuta Watanabe ,1762796,2021,2022
Armoni Brooks ,1739065,2021,2022
Thanasis Antetokounmpo ,1729217,2021,2022
Keita Bates-Diop ,1729217,2021,2022
Sviatoslav Mykhailiuk ,1729217,2021,2022
Isaiah Hartenstein ,1729217,2021,2022
Moritz Wagner ,1729217,2021,2022
Isaac Bonga ,1729217,2021,2022
Juan Toscano-Anderson ,1701593,2021,2022
Oshae Brissett ,1701593,2021,2022
Herb Jones ,1700000,2021,2022
Gabriel Deck ,1690507,2021,2022
Javonte Green ,1669178,2021,2022
Max Strus ,1669178,2021,2022
Gabe Vincent ,1669178,2021,2022
Matt Thomas ,1669178,2021,2022
Gary Payton II ,1669178,2021,2022
Robert Woodard ,1619015,2021,2022
Lance Stephenson ,1614825,2021,2022
Deividas Sirvydis ,1603559,2021,2022
Daniel Oturu ,1603559,2021,2022
Kevin Pangos ,1569178,2021,2022
Bismack Biyombo ,1518213,2021,2022
Nick Richards ,1517981,2021,2022
Lamar Stevens ,1517981,2021,2022
KJ Martin ,1517981,2021,2022
Xavier Tillman ,1517981,2021,2022
Naji Marshall ,1517981,2021,2022
Isaiah Joe ,1517981,2021,2022
Paul Reed ,1517981,2021,2022
Tre Jones ,1517981,2021,2022
Vernon Carey ,1517981,2021,2022
Jae'Sean Tate ,1517981,2021,2022
Sam Merrill ,1517981,2021,2022
Jordan Nwora ,1517981,2021,2022
CJ Elleby ,1517981,2021,2022
Elijah Hughes ,1517981,2021,2022
Jahmi'us Ramsey ,1517981,2021,2022
Anthony Gill ,1517981,2021,2022
Isaiah Todd ,1500000,2021,2022
Saben Lee ,1489065,2021,2022
Omer Yurtseven ,1489065,2021,2022
JR Smith ,1456667,2021,2022
Stanley Johnson ,1368998,2021,2022
Duane Washington Jr ,1346676,2021,2022
Aaron Wiggins ,1305761,2021,2022
Marquese Chriss ,1292900,2021,2022
JT Thor ,1250000,2021,2022
DeMarre Carroll ,1242340,2021,2022
Jabari Parker ,1168286,2021,2022
Alfonzo McKinnie ,1090007,2021,2022
Zhaire Smith ,1068200,2021,2022
Jason Preston ,1062303,2021,2022
Isaiah Livers ,1057260,2021,2022
Guerschon Yabusele ,1039080,2021,2022
Denzel Valentine ,1005633,2021,2022
Alize Johnson ,1003740,2021,2022
Kyle Singler ,999200,2021,2022
Kelan Martin ,993760,2021,2022
Miye Oni ,946261,2021,2022
Ayo Dosunmu ,925258,2021,2022
Marko Simonovic ,925258,2021,2022
BJ Boston ,925258,2021,2022
Austin Reaves ,925258,2021,2022
Miles McBride ,925258,2021,2022
Vit Krejci ,925258,2021,2022
Charles Bassey ,925258,2021,2022
Greg Brown ,925258,2021,2022
Jock Landale ,925258,2021,2022
Jared Butler ,925258,2021,2022
Luka Garza ,925258,2021,2022
Dalano Banton ,925258,2021,2022
Daishen Nix ,923078,2021,2022
Isaiah Thomas ,910926,2021,2022
Terry Taylor ,895125,2021,2022
Mamadi Diakite ,869078,2021,2022
Caleb Martin ,844011,2021,2022
Brad Wanamaker ,814918,2021,2022
Luke Kornet ,812364,2021,2022
Wayne Selden ,812363,2021,2022
Gary Clark ,811213,2021,2022
Ryan Arcidiacono ,774727,2021,2022
Trendon Watford ,768830,2021,2022
Patrick Patterson ,737067,2021,2022
Devontae Cacok ,726128,2021,2022
Admiral Schofield ,723741,2021,2022
Ishmail Wainright ,707893,2021,2022
Shaun Livingston ,666666,2021,2022
Malik Fitts ,630874,2021,2022
Sam Hauser ,619498,2021,2022
Greg Monroe ,612805,2021,2022
Amir Coffey ,573576,2021,2022
Joe Wieskamp ,563663,2021,2022
Keifer Sykes ,558345,2021,2022
Haywood Highsmith ,547701,2021,2022
Nik Stauskas ,534993,2021,2022
Davon Reed ,532398,2021,2022
Wenyen Gabriel ,522015,2021,2022
Skylar Mays ,510907,2021,2022
Georgios Kalaitzakis ,499852,2021,2022
RJ Nembhard ,491876,2021,2022
Chris Silva ,479650,2021,2022
Kessler Edwards ,463211,2021,2022
Trent Forrest ,463211,2021,2022
Sandro Mamukelashvili ,462629,2021,2022
Jericho Sims ,462629,2021,2022
Sharife Cooper ,462629,2021,2022
Brodric Thomas ,462629,2021,2022
David Duke ,462629,2021,2022
Arnoldas Kulboka ,462629,2021,2022
Scottie Lewis ,462629,2021,2022
Tyler Cook ,462629,2021,2022
Markus Howard ,462629,2021,2022
Jamorko Pickett ,462629,2021,2022
Sean Chris Smith ,462629,2021,2022
Chris Chiozza ,462629,2021,2022
Jay Scrubb ,462629,2021,2022
Yves Pons ,462629,2021,2022
Nathan Knight ,462629,2021,2022
McKinley Wright ,462629,2021,2022
Ignas Brazdeikis ,462629,2021,2022
Keljin Blevins ,462629,2021,2022
Neemias Queta ,462629,2021,2022
Justin Champagnie ,462629,2021,2022
David Johnson ,462629,2021,2022
Joel Ayayi ,462629,2021,2022
Cassius Winston ,462629,2021,2022
Justin Anderson ,445828,2021,2022
Theo Pinson ,440710,2021,2022
Charlie Brown ,431151,2021,2022
James Ennis ,386127,2021,2022
Langston Galloway ,386127,2021,2022
Tim Frazier ,386127,2021,2022
Kyle Guy ,383079,2021,2022
Sam Dekker ,350000,2021,2022
Quinndary Weatherspoon ,346491,2021,2022
Brandon Goodwin ,343988,2021,2022
Malcolm Hill ,324373,2021,2022
Louis King ,316396,2021,2022
Justin Jackson ,308493,2021,2022
Shaquille Harrison ,308493,2021,2022
DJ Wilson ,308493,2021,2022
Jeff Dowtin ,305761,2021,2022
Trevelin Queen ,303102,2021,2022
Paul Watson ,303102,2021,2022
Myles Powell ,300443,2021,2022
Jontay Porter ,300000,2021,2022
Mason Jones ,295125,2021,2022
Eugene Omoruyi ,281831,2021,2022
Brandon Knight ,274672,2021,2022
Justin Robinson ,265953,2021,2022
Ja'Vonte Smart ,265878,2021,2022
Mychal Mulder ,257902,2021,2022
Tyler Johnson ,257418,2021,2022
Cassius Stanley ,256734,2021,2022
Zylan Cheatham ,256734,2021,2022
Devon Dotson ,239291,2021,2022
Marcus Garrett ,236632,2021,2022
Lindell Wigginton ,233973,2021,2022
Jay Huff ,225997,2021,2022
Olivier Sarr ,223339,2021,2022
Aaron Henry ,223338,2021,2022
Freddie Gillespie ,221156,2021,2022
JaQuori McLaughlin ,220679,2021,2022
Rayjon Tucker ,220639,2021,2022
Tacko Fall ,218021,2021,2022
Petr Cornelie ,218021,2021,2022
Juwan Morgan ,211046,2021,2022
Damyean Dotson ,205662,2021,2022
Xavier Moon ,202069,2021,2022
Tyrone Wallace ,198760,2021,2022
Norvel Pelle ,191860,2021,2022
Jaylen Hoard ,191860,2021,2022
Tremont Waters ,191860,2021,2022
Reggie Perry ,188272,2021,2022
Devin Cannady ,185578,2021,2022
Brandon Williams ,180798,2021,2022
Moses Wright ,172821,2021,2022
DeJon Jarreau ,172821,2021,2022
Dakota Mathias ,171156,2021,2022
Matt Mooney ,171156,2021,2022
Daulton Hommes ,167504,2021,2022
Grant Riller ,162186,2021,2022
Lindy Waters III ,159527,2021,2022
Joe Johnson ,151821,2021,2022
CJ Miles ,151821,2021,2022
Ersan Ilyasova ,151821,2021,2022
Darren Collison ,151821,2021,2022
Anthony Tolliver ,151821,2021,2022
Chaundee Brown ,151552,2021,2022
Xavier Sneed ,146233,2021,2022
Mario Chalmers ,138019,2021,2022
Anthony Lamb ,136095,2021,2022
Braxton Key ,127622,2021,2022
Troy Williams ,122741,2021,2022
Feron Hunt ,116987,2021,2022
Mac McClung ,111670,2021,2022
Matt Ryan ,111669,2021,2022
Emmanuel Mudiay ,111457,2021,2022
Carlik Jones ,106352,2021,2022
Hassani Gravett ,106352,2021,2022
Paris Bass ,106352,2021,2022
Jordan Bell ,102831,2021,2022
Cheick Diallo ,102831,2021,2022
DJ Stewart ,101034,2021,2022
Nate Hinton ,96213,2021,2022
Derrick Walton ,95930,2021,2022
DaQuan Jeffries ,95930,2021,2022
Justin James ,95930,2021,2022
Scotty Hopson ,95930,2021,2022
BJ Johnson ,95930,2021,2022
Jaylen Morris ,95930,2021,2022
Demetrius Jackson ,92857,2021,2022
Chris Clemons ,85578,2021,2022
Cameron Oliver ,85578,2021,2022
Malik Newman ,85578,2021,2022
George King ,85578,2021,2022
Jemerrio Jones ,85578,2021,2022
Emanuel Terry ,85578,2021,2022
Jared Harper ,85081,2021,2022
Gabriel Lundberg ,79764,2021,2022
Jordan Schakel ,53176,2021,2022
Anthony Barber ,53176,2021,2022
Malik Ellison ,53176,2021,2022
Justin Tillman ,53176,2021,2022
Tre Scott ,53176,2021,2022
Jaysean Paige ,53176,2021,2022
Trayvon Palmer ,53176,2021,2022
Micah Potter ,53176,2021,2022
Ahmad Caver ,53176,2021,2022
Shaq Buchanan ,53176,2021,2022
Jon Teske ,53176,2021,2022
Aric Holman ,53176,2021,2022
Javin DeLaurier ,53176,2021,2022
Tyler Hall ,53176,2021,2022
Rob Edwards ,53176,2021,2022
Aleem Ford ,53176,2021,2022
MJ Walker ,53176,2021,2022
Jarron Cumberland ,53176,2021,2022
Cameron McGriff ,53176,2021,2022
Ade Murkey ,53176,2021,2022
Jaime Echenique ,53176,2021,2022
Jordan Goodwin ,53176,2021,2022
Craig Sword ,53176,2021,2022
Luca Vildoza ,42789,2021,2022
Zavier Simpson ,37223,2021,2022
Mfiondu Kabengele ,19186,2021,2022
Melvin Frazier ,13294,2021,2022
